LCLid,datetime,energy(kWh/hh),temperature
MAC000002,2012-10-12 00:30:00,0.0,13.09
MAC000002,2012-10-12 01:00:00,0.0,13.09
MAC000002,2012-10-12 01:30:00,0.0,12.54
MAC000002,2012-10-12 02:00:00,0.0,12.54
MAC000002,2012-10-12 02:30:00,0.0,11.94
MAC000002,2012-10-12 03:00:00,0.0,11.94
MAC000002,2012-10-12 03:30:00,0.0,11.47
MAC000002,2012-10-12 04:00:00,0.0,11.47
MAC000002,2012-10-12 04:30:00,0.0,10.87
MAC000002,2012-10-12 05:00:00,0.0,10.87
MAC000002,2012-10-12 05:30:00,0.0,10.37
MAC000002,2012-10-12 06:00:00,0.0,10.37
MAC000002,2012-10-12 06:30:00,0.0,10.39
MAC000002,2012-10-12 07:00:00,0.0,10.39
MAC000002,2012-10-12 07:30:00,0.0,10.29
MAC000002,2012-10-12 08:00:00,0.0,10.29
MAC000002,2012-10-12 08:30:00,0.0,10.94
MAC000002,2012-10-12 09:00:00,0.0,10.94
MAC000002,2012-10-12 09:30:00,0.0,12.32
MAC000002,2012-10-12 10:00:00,0.0,12.32
MAC000002,2012-10-12 10:30:00,0.0,12.59
MAC000002,2012-10-12 11:30:00,0.143,13.86
MAC000002,2012-10-12 12:00:00,0.663,13.86
MAC000002,2012-10-12 12:30:00,0.256,13.99
MAC000002,2012-10-12 13:00:00,0.155,13.99
MAC000002,2012-10-12 13:30:00,0.199,13.52
MAC000002,2012-10-12 14:00:00,0.125,13.52
MAC000002,2012-10-12 14:30:00,0.165,12.69
MAC000002,2012-10-12 15:00:00,0.14,12.69
MAC000002,2012-10-12 15:30:00,0.148,12.46
MAC000002,2012-10-12 16:00:00,0.154,12.46
MAC000002,2012-10-12 16:30:00,0.137,11.31
MAC000002,2012-10-12 17:00:00,0.493,11.31
MAC000002,2012-10-12 17:30:00,0.354,10.39
MAC000002,2012-10-12 18:00:00,0.228,10.39
MAC000002,2012-10-12 18:30:00,0.195,9.38
MAC000002,2012-10-12 19:00:00,0.527,9.38
MAC000002,2012-10-12 19:30:00,0.886,8.93
MAC000002,2012-10-12 20:00:00,0.198,8.93
MAC000002,2012-10-12 20:30:00,0.243,8.93
MAC000002,2012-10-12 21:00:00,0.193,8.93
MAC000002,2012-10-12 21:30:00,0.342,8.51
MAC000002,2012-10-12 22:00:00,0.27,8.51
MAC000002,2012-10-12 22:30:00,0.325,8.97
MAC000002,2012-10-12 23:00:00,0.269,8.97
MAC000002,2012-10-12 23:30:00,0.29,8.78
MAC000002,2012-10-13 00:00:00,0.263,8.78
MAC000002,2012-10-13 00:30:00,0.269,8.27
MAC000002,2012-10-13 01:00:00,0.275,8.27
MAC000002,2012-10-13 01:30:00,0.256,7.87
MAC000002,2012-10-13 02:00:00,0.211,7.87
MAC000002,2012-10-13 02:30:00,0.136,7.89
MAC000002,2012-10-13 03:00:00,0.161,7.89
MAC000002,2012-10-13 03:30:00,0.119,7.74
MAC000002,2012-10-13 04:00:00,0.167,7.74
MAC000002,2012-10-13 04:30:00,0.109,7.33
MAC000002,2012-10-13 05:00:00,0.168,7.33
MAC000002,2012-10-13 05:30:00,0.107,6.5
MAC000002,2012-10-13 06:00:00,0.166,6.5
MAC000002,2012-10-13 06:30:00,0.117,6.47
MAC000002,2012-10-13 07:00:00,0.157,6.47
MAC000002,2012-10-13 07:30:00,0.126,7.84
MAC000002,2012-10-13 08:00:00,0.146,7.84
MAC000002,2012-10-13 08:30:00,0.106,9.12
MAC000002,2012-10-13 09:00:00,0.135,9.12
MAC000002,2012-10-13 09:30:00,0.191,10.66
MAC000002,2012-10-13 10:00:00,0.915,10.66
MAC000002,2012-10-13 10:30:00,0.933,10.58
MAC000002,2012-10-13 11:00:00,0.122,10.58
MAC000002,2012-10-13 11:30:00,0.138,11.43
MAC000002,2012-10-13 12:00:00,0.076,11.43
MAC000002,2012-10-13 12:30:00,0.133,11.38
MAC000002,2012-10-13 13:00:00,0.076,11.38
MAC000002,2012-10-13 13:30:00,0.133,11.53
MAC000002,2012-10-13 14:00:00,0.085,11.53
MAC000002,2012-10-13 14:30:00,0.263,10.11
MAC000002,2012-10-13 15:00:00,0.134,10.11
MAC000002,2012-10-13 15:30:00,0.235,10.27
MAC000002,2012-10-13 16:00:00,0.124,10.27
MAC000002,2012-10-13 16:30:00,0.184,9.91
MAC000002,2012-10-13 17:00:00,0.23,9.91
MAC000002,2012-10-13 17:30:00,0.176,9.01
MAC000002,2012-10-13 18:00:00,0.388,9.01
MAC000002,2012-10-13 18:30:00,0.26,7.63
MAC000002,2012-10-13 19:00:00,0.918,7.63
MAC000002,2012-10-13 19:30:00,0.278,7.01
MAC000002,2012-10-13 20:00:00,0.267,7.01
MAC000002,2012-10-13 20:30:00,0.239,6.53
MAC000002,2012-10-13 21:00:00,0.23,6.53
MAC000002,2012-10-13 21:30:00,0.233,6.41
MAC000002,2012-10-13 22:00:00,0.235,6.41
MAC000002,2012-10-13 22:30:00,0.188,5.92
MAC000002,2012-10-13 23:00:00,0.259,5.92
MAC000002,2012-10-13 23:30:00,0.25,5.69
MAC000002,2012-10-14 00:00:00,0.262,5.69
MAC000002,2012-10-14 00:30:00,0.166,5.17
MAC000002,2012-10-14 01:00:00,0.226,5.17
MAC000002,2012-10-14 01:30:00,0.088,4.67
MAC000002,2012-10-14 02:00:00,0.126,4.67
MAC000002,2012-10-14 02:30:00,0.082,4.11
MAC000246,2011-12-03 09:00:00,0.149,11.0
MAC000246,2011-12-03 09:30:00,0.154,11.42
MAC000246,2011-12-03 10:00:00,0.768,11.42
MAC000246,2011-12-03 10:30:00,1.179,11.41
MAC000246,2011-12-03 11:00:00,0.588,11.41
MAC000246,2011-12-03 11:30:00,0.144,11.33
MAC000246,2011-12-03 12:00:00,0.843,11.33
MAC000246,2011-12-03 12:30:00,0.752,11.41
MAC000246,2011-12-03 13:00:00,0.12,11.41
MAC000246,2011-12-03 13:30:00,0.09,11.28
MAC000246,2011-12-03 14:00:00,0.053,11.28
MAC000246,2011-12-03 14:30:00,0.053,10.42
MAC000246,2011-12-03 15:00:00,0.047,10.42
MAC000246,2011-12-03 15:30:00,0.05,10.09
MAC000246,2011-12-03 16:00:00,0.063,10.09
MAC000246,2011-12-03 16:30:00,0.069,9.79
MAC000246,2011-12-03 17:00:00,0.11,9.79
MAC000246,2011-12-03 17:30:00,0.07,9.06
MAC000246,2011-12-03 18:00:00,0.076,9.06
MAC000246,2011-12-03 18:30:00,0.076,8.16
MAC000246,2011-12-03 19:00:00,0.063,8.16
MAC000246,2011-12-03 19:30:00,0.095,8.27
MAC000246,2011-12-03 20:00:00,0.052,8.27
MAC000246,2011-12-03 20:30:00,0.049,8.59
MAC000246,2011-12-03 21:00:00,0.205,8.59
MAC000246,2011-12-03 21:30:00,0.229,8.12
MAC000246,2011-12-03 22:00:00,0.368,8.12
MAC000246,2011-12-03 22:30:00,0.295,8.14
MAC000246,2011-12-03 23:00:00,1.125,8.14
MAC000246,2011-12-03 23:30:00,1.072,8.6
MAC000246,2011-12-04 00:00:00,0.175,8.6
MAC000246,2011-12-04 00:30:00,0.098,8.64
MAC000246,2011-12-04 01:00:00,0.144,8.64
MAC000246,2011-12-04 01:30:00,0.065,8.63
MAC000246,2011-12-04 02:00:00,0.071,8.63
MAC000246,2011-12-04 02:30:00,0.037,8.56
MAC000246,2011-12-04 03:00:00,0.047,8.56
MAC000246,2011-12-04 03:30:00,0.042,8.03
MAC000246,2011-12-04 04:00:00,0.052,8.03
MAC000246,2011-12-04 04:30:00,0.078,7.57
MAC000246,2011-12-04 05:00:00,0.039,7.57
MAC000246,2011-12-04 05:30:00,0.05,7.53
MAC000246,2011-12-04 06:00:00,0.026,7.53
MAC000246,2011-12-04 06:30:00,0.091,7.6
MAC000246,2011-12-04 07:00:00,0.095,7.6
MAC000246,2011-12-04 07:30:00,0.096,7.87
MAC000246,2011-12-04 08:00:00,0.658,7.87
MAC000246,2011-12-04 08:30:00,0.459,8.03
MAC000246,2011-12-04 09:00:00,0.801,8.03
MAC000246,2011-12-04 09:30:00,0.933,8.11
MAC000246,2011-12-04 10:00:00,1.2130001,8.11
MAC000246,2011-12-04 10:30:00,0.175,8.56
MAC000246,2011-12-04 11:00:00,0.179,8.56
MAC000246,2011-12-04 11:30:00,0.989,9.04
MAC000246,2011-12-04 12:00:00,1.914,9.04
MAC000246,2011-12-04 12:30:00,1.421,9.11
MAC000246,2011-12-04 13:00:00,1.535,9.11
MAC000246,2011-12-04 13:30:00,0.634,9.08
MAC000246,2011-12-04 14:00:00,1.219,9.08
MAC000246,2011-12-04 14:30:00,0.821,8.34
MAC000246,2011-12-04 15:00:00,0.233,8.34
MAC000246,2011-12-04 15:30:00,0.132,8.18
MAC000246,2011-12-04 16:00:00,0.128,8.18
MAC000246,2011-12-04 16:30:00,0.118,8.08
MAC000246,2011-12-04 17:00:00,0.077,8.08
MAC000246,2011-12-04 17:30:00,0.095,7.97
MAC000246,2011-12-04 18:00:00,0.081,7.97
MAC000246,2011-12-04 18:30:00,0.097,7.53
MAC000246,2011-12-04 19:00:00,0.134,7.53
MAC000246,2011-12-04 19:30:00,0.314,5.49
MAC000246,2011-12-04 20:00:00,0.822,5.49
MAC000246,2011-12-04 20:30:00,0.226,5.32
MAC000246,2011-12-04 21:00:00,0.19,5.32
MAC000246,2011-12-04 21:30:00,1.054,5.11
MAC000246,2011-12-04 22:00:00,1.1160001,5.11
MAC000246,2011-12-04 22:30:00,0.936,4.69
MAC000246,2011-12-04 23:00:00,0.478,4.69
MAC000246,2011-12-04 23:30:00,0.375,4.21
MAC000246,2011-12-05 00:00:00,0.471,4.21
MAC000246,2011-12-05 00:30:00,0.934,4.14
MAC000246,2011-12-05 01:00:00,0.326,4.14
MAC000246,2011-12-05 01:30:00,0.143,4.09
MAC000246,2011-12-05 02:00:00,0.13,4.09
MAC000246,2011-12-05 02:30:00,0.109,3.56
MAC000246,2011-12-05 03:00:00,0.123,3.56
MAC000246,2011-12-05 03:30:00,0.088,3.46
MAC000246,2011-12-05 04:00:00,0.092,3.46
MAC000246,2011-12-05 04:30:00,0.09,3.1
MAC000246,2011-12-05 05:00:00,0.118,3.1
MAC000246,2011-12-05 05:30:00,0.098,3.12
MAC000246,2011-12-05 06:00:00,0.087,3.12
MAC000246,2011-12-05 06:30:00,0.094,3.11
MAC000246,2011-12-05 07:00:00,0.08,3.11
MAC000246,2011-12-05 07:30:00,0.288,2.81
MAC000246,2011-12-05 08:00:00,0.354,2.81
MAC000246,2011-12-05 08:30:00,0.239,3.34
MAC000246,2011-12-05 09:00:00,0.025,3.34
MAC000246,2011-12-05 09:30:00,0.039,4.96
MAC000246,2011-12-05 10:00:00,0.035,4.96
MAC000246,2011-12-05 10:30:00,0.031,5.85
MAC000450,2012-03-22 15:30:00,1.365,15.59
MAC000450,2012-03-22 16:00:00,1.274,15.59
MAC000450,2012-03-22 16:30:00,0.817,14.39
MAC000450,2012-03-22 17:00:00,0.678,14.39
MAC000450,2012-03-22 17:30:00,0.748,13.29
MAC000450,2012-03-22 18:00:00,0.825,13.29
MAC000450,2012-03-22 18:30:00,1.0599999,11.96
MAC000450,2012-03-22 19:00:00,1.788,11.96
MAC000450,2012-03-22 19:30:00,1.419,10.77
MAC000450,2012-03-22 20:00:00,1.928,10.77
MAC000450,2012-03-22 20:30:00,2.6589999,10.31
MAC000450,2012-03-22 21:00:00,2.3050001,10.31
MAC000450,2012-03-22 21:30:00,1.8279999,9.72
MAC000450,2012-03-22 22:00:00,1.905,9.72
MAC000450,2012-03-22 22:30:00,1.877,9.35
MAC000450,2012-03-22 23:00:00,1.655,9.35
MAC000450,2012-03-22 23:30:00,1.434,8.76
MAC000450,2012-03-23 00:00:00,1.337,8.76
MAC000450,2012-03-23 00:30:00,1.426,8.54
MAC000450,2012-03-23 01:00:00,0.996,8.54
MAC000450,2012-03-23 01:30:00,0.971,8.09
MAC000450,2012-03-23 02:00:00,0.994,8.09
MAC000450,2012-03-23 02:30:00,0.952,7.34
MAC000450,2012-03-23 03:00:00,0.876,7.34
MAC000450,2012-03-23 03:30:00,0.964,7.35
MAC000450,2012-03-23 04:00:00,0.938,7.35
MAC000450,2012-03-23 04:30:00,1.0700001,6.78
MAC000450,2012-03-23 05:00:00,0.989,6.78
MAC000450,2012-03-23 05:30:00,0.938,6.74
MAC000450,2012-03-23 06:00:00,0.922,6.74
MAC000450,2012-03-23 06:30:00,0.828,7.42
MAC000450,2012-03-23 07:00:00,1.0140001,7.42
MAC000450,2012-03-23 07:30:00,1.54,8.77
MAC000450,2012-03-23 08:00:00,1.484,8.77
MAC000450,2012-03-23 08:30:00,1.446,10.68
MAC000450,2012-03-23 09:00:00,1.143,10.68
MAC000450,2012-03-23 09:30:00,0.681,13.39
MAC000450,2012-03-23 10:00:00,0.722,13.39
MAC000450,2012-03-23 10:30:00,0.727,14.8
MAC000450,2012-03-23 11:00:00,0.687,14.8
MAC000450,2012-03-23 11:30:00,0.754,16.92
MAC000450,2012-03-23 12:00:00,0.801,16.92
MAC000450,2012-03-23 12:30:00,0.79,18.03
MAC000450,2012-03-23 13:00:00,1.012,18.03
MAC000450,2012-03-23 13:30:00,0.826,19.31
MAC000450,2012-03-23 14:00:00,0.842,19.31
MAC000450,2012-03-23 14:30:00,0.878,19.45
MAC000450,2012-03-23 15:00:00,0.582,19.45
MAC000450,2012-03-23 15:30:00,0.717,19.48
MAC000450,2012-03-23 16:00:00,0.593,19.48
MAC000450,2012-03-23 16:30:00,0.654,18.11
MAC000450,2012-03-23 17:00:00,0.625,18.11
MAC000450,2012-03-23 17:30:00,0.951,16.18
MAC000450,2012-03-23 18:00:00,1.301,16.18
MAC000450,2012-03-23 18:30:00,1.41,14.31
MAC000450,2012-03-23 19:00:00,1.473,14.31
MAC000450,2012-03-23 19:30:00,1.5549999,12.88
MAC000450,2012-03-23 20:00:00,1.507,12.88
MAC000450,2012-03-23 20:30:00,1.623,11.77
MAC000450,2012-03-23 21:00:00,1.825,11.77
MAC000450,2012-03-23 21:30:00,1.503,11.34
MAC000450,2012-03-23 22:00:00,1.691,11.34
MAC000450,2012-03-23 22:30:00,1.462,9.77
MAC000450,2012-03-23 23:00:00,1.206,9.77
MAC000450,2012-03-23 23:30:00,1.189,9.18
MAC000450,2012-03-24 00:00:00,1.284,9.18
MAC000450,2012-03-24 00:30:00,1.395,8.12
MAC000450,2012-03-24 01:00:00,1.012,8.12
MAC000450,2012-03-24 01:30:00,0.912,7.59
MAC000450,2012-03-24 02:00:00,0.854,7.59
MAC000450,2012-03-24 02:30:00,0.916,7.51
MAC000450,2012-03-24 03:00:00,0.862,7.51
MAC000450,2012-03-24 03:30:00,0.883,7.29
MAC000450,2012-03-24 04:00:00,0.876,7.29
MAC000450,2012-03-24 04:30:00,0.92,6.87
MAC000450,2012-03-24 05:00:00,0.887,6.87
MAC000450,2012-03-24 05:30:00,0.882,6.42
MAC000450,2012-03-24 06:00:00,0.869,6.42
MAC000450,2012-03-24 06:30:00,0.632,7.44
MAC000450,2012-03-24 07:00:00,0.656,7.44
MAC000450,2012-03-24 07:30:00,0.82,9.17
MAC000450,2012-03-24 08:00:00,0.799,9.17
MAC000450,2012-03-24 08:30:00,1.645,10.96
MAC000450,2012-03-24 09:00:00,1.071,10.96
MAC000450,2012-03-24 09:30:00,1.709,13.99
MAC000450,2012-03-24 10:00:00,2.092,13.99
MAC000450,2012-03-24 10:30:00,1.5039999,15.47
MAC000450,2012-03-24 11:00:00,1.427,15.47
MAC000450,2012-03-24 11:30:00,2.01,16.97
MAC000450,2012-03-24 12:00:00,0.869,16.97
MAC000450,2012-03-24 12:30:00,0.958,18.83
MAC000450,2012-03-24 13:00:00,1.075,18.83
MAC000450,2012-03-24 13:30:00,1.325,18.79
MAC000450,2012-03-24 14:00:00,1.451,18.79
MAC000450,2012-03-24 14:30:00,1.446,18.64
MAC000450,2012-03-24 15:00:00,1.416,18.64
MAC000450,2012-03-24 15:30:00,1.377,18.03
MAC000450,2012-03-24 16:00:00,1.3049999,18.03
MAC000450,2012-03-24 16:30:00,1.429,16.4
MAC000450,2012-03-24 17:00:00,1.701,16.4
MAC001074,2012-05-08 10:30:00,0.342,14.11
MAC001074,2012-05-08 11:00:00,0.218,14.11
MAC001074,2012-05-08 11:30:00,0.174,14.33
MAC001074,2012-05-08 12:00:00,0.205,14.33
MAC001074,2012-05-08 12:30:00,0.339,15.28
MAC001074,2012-05-08 13:00:00,0.189,15.28
MAC001074,2012-05-08 13:30:00,0.136,16.67
MAC001074,2012-05-08 14:00:00,0.189,16.67
MAC001074,2012-05-08 14:30:00,0.18,17.2
MAC001074,2012-05-08 15:00:00,0.083,17.2
MAC001074,2012-05-08 15:30:00,0.074,17.24
MAC001074,2012-05-08 16:00:00,0.249,17.24
MAC001074,2012-05-08 16:30:00,0.901,16.89
MAC001074,2012-05-08 17:00:00,0.231,16.89
MAC001074,2012-05-08 17:30:00,0.215,16.31
MAC001074,2012-05-08 18:00:00,0.907,16.31
MAC001074,2012-05-08 18:30:00,1.6619999,15.08
MAC001074,2012-05-08 19:00:00,0.401,15.08
MAC001074,2012-05-08 19:30:00,0.229,14.06
MAC001074,2012-05-08 20:00:00,1.159,14.06
MAC001074,2012-05-08 20:30:00,0.411,13.5
MAC001074,2012-05-08 21:00:00,0.279,13.5
MAC001074,2012-05-08 21:30:00,0.578,12.91
MAC001074,2012-05-08 22:00:00,0.197,12.91
MAC001074,2012-05-08 22:30:00,0.129,12.74
MAC001074,2012-05-08 23:00:00,0.228,12.74
MAC001074,2012-05-08 23:30:00,0.172,11.46
MAC001074,2012-05-09 00:00:00,0.18,11.46
MAC001074,2012-05-09 00:30:00,0.086,11.38
MAC001074,2012-05-09 01:00:00,0.106,11.38
MAC001074,2012-05-09 01:30:00,0.173,11.38
MAC001074,2012-05-09 02:00:00,0.146,11.38
MAC001074,2012-05-09 02:30:00,0.223,10.86
MAC001074,2012-05-09 03:00:00,0.219,10.86
MAC001074,2012-05-09 03:30:00,0.594,10.78
MAC001074,2012-05-09 04:00:00,0.246,10.78
MAC001074,2012-05-09 04:30:00,0.186,10.8
MAC001074,2012-05-09 05:00:00,0.205,10.8
MAC001074,2012-05-09 05:30:00,0.244,10.78
MAC001074,2012-05-09 06:00:00,1.86,10.78
MAC001074,2012-05-09 06:30:00,1.523,10.96
MAC001074,2012-05-09 07:00:00,1.0,10.96
MAC001074,2012-05-09 07:30:00,0.516,11.61
MAC001074,2012-05-09 08:00:00,0.276,11.61
MAC001074,2012-05-09 08:30:00,0.15,12.23
MAC001074,2012-05-09 09:00:00,0.194,12.23
MAC001074,2012-05-09 09:30:00,0.271,13.78
MAC001074,2012-05-09 10:00:00,0.278,13.78
MAC001074,2012-05-09 10:30:00,0.196,14.67
MAC001074,2012-05-09 11:00:00,0.176,14.67
MAC001074,2012-05-09 11:30:00,0.252,15.18
MAC001074,2012-05-09 12:00:00,0.12,15.18
MAC001074,2012-05-09 12:30:00,0.213,15.11
MAC001074,2012-05-09 13:00:00,0.222,15.11
MAC001074,2012-05-09 13:30:00,0.39,15.18
MAC001074,2012-05-09 14:00:00,0.089,15.18
MAC001074,2012-05-09 14:30:00,0.125,14.43
MAC001074,2012-05-09 15:00:00,0.167,14.43
MAC001074,2012-05-09 15:30:00,0.139,14.88
MAC001074,2012-05-09 16:00:00,0.542,14.88
MAC001074,2012-05-09 16:30:00,3.2160001,14.93
MAC001074,2012-05-09 17:00:00,0.518,14.93
MAC001074,2012-05-09 17:30:00,0.164,14.89
MAC001074,2012-05-09 18:00:00,0.603,14.89
MAC001074,2012-05-09 18:30:00,2.5250001,14.63
MAC001074,2012-05-09 19:00:00,3.5150001,14.63
MAC001074,2012-05-09 19:30:00,1.325,14.27
MAC001074,2012-05-09 20:00:00,0.401,14.27
MAC001074,2012-05-09 20:30:00,1.112,14.34
MAC001074,2012-05-09 21:00:00,0.67,14.34
MAC001074,2012-05-09 21:30:00,1.272,14.32
MAC001074,2012-05-09 22:00:00,0.18,14.32
MAC001074,2012-05-09 22:30:00,0.185,14.44
MAC001074,2012-05-09 23:00:00,0.168,14.44
MAC001074,2012-05-09 23:30:00,0.106,14.92
MAC001074,2012-05-10 00:00:00,0.471,14.92
MAC001074,2012-05-10 00:30:00,0.508,15.01
MAC001074,2012-05-10 01:00:00,0.198,15.01
MAC001074,2012-05-10 01:30:00,0.167,15.36
MAC001074,2012-05-10 02:00:00,0.116,15.36
MAC001074,2012-05-10 02:30:00,0.162,15.35
MAC001074,2012-05-10 03:00:00,0.268,15.35
MAC001074,2012-05-10 03:30:00,0.165,14.91
MAC001074,2012-05-10 04:00:00,0.179,14.91
MAC001074,2012-05-10 04:30:00,0.153,14.89
MAC001074,2012-05-10 05:00:00,0.16,14.89
MAC001074,2012-05-10 05:30:00,0.127,14.78
MAC001074,2012-05-10 06:00:00,0.744,14.78
MAC001074,2012-05-10 06:30:00,1.113,14.92
MAC001074,2012-05-10 07:00:00,1.714,14.92
MAC001074,2012-05-10 07:30:00,0.793,15.81
MAC001074,2012-05-10 08:00:00,0.215,15.81
MAC001074,2012-05-10 08:30:00,0.249,16.38
MAC001074,2012-05-10 09:00:00,0.321,16.38
MAC001074,2012-05-10 09:30:00,0.253,16.87
MAC001074,2012-05-10 10:00:00,0.446,16.87
MAC001074,2012-05-10 10:30:00,0.085,16.58
MAC001074,2012-05-10 11:00:00,0.108,16.58
MAC001074,2012-05-10 11:30:00,0.197,17.12
MAC001074,2012-05-10 12:00:00,0.077,17.12
MAC003223,2012-09-17 12:30:00,0.459,18.72
MAC003223,2012-09-17 13:00:00,0.867,18.72
MAC003223,2012-09-17 13:30:00,0.191,17.73
MAC003223,2012-09-17 14:00:00,0.101,17.73
MAC003223,2012-09-17 14:30:00,0.331,17.58
MAC003223,2012-09-17 15:00:00,0.177,17.58
MAC003223,2012-09-17 15:30:00,0.191,17.44
MAC003223,2012-09-17 16:00:00,0.211,17.44
MAC003223,2012-09-17 16:30:00,0.202,17.33
MAC003223,2012-09-17 17:00:00,0.471,17.33
MAC003223,2012-09-17 17:30:00,1.066,17.13
MAC003223,2012-09-17 18:00:00,0.513,17.13
MAC003223,2012-09-17 18:30:00,0.645,16.13
MAC003223,2012-09-17 19:00:00,0.738,16.13
MAC003223,2012-09-17 19:30:00,0.417,15.17
MAC003223,2012-09-17 20:00:00,1.11,15.17
MAC003223,2012-09-17 20:30:00,1.227,15.06
MAC003223,2012-09-17 21:00:00,0.338,15.06
MAC003223,2012-09-17 21:30:00,0.457,15.11
MAC003223,2012-09-17 22:00:00,0.297,15.11
MAC003223,2012-09-17 22:30:00,0.258,14.62
MAC003223,2012-09-17 23:00:00,0.104,14.62
MAC003223,2012-09-17 23:30:00,0.044,14.06
MAC003223,2012-09-18 00:00:00,0.076,14.06
MAC003223,2012-09-18 00:30:00,0.079,13.12
MAC003223,2012-09-18 01:00:00,0.123,13.12
MAC003223,2012-09-18 01:30:00,0.109,12.53
MAC003223,2012-09-18 02:00:00,0.051,12.53
MAC003223,2012-09-18 02:30:00,0.069,12.07
MAC003223,2012-09-18 03:00:00,0.043,12.07
MAC003223,2012-09-18 03:30:00,0.063,12.39
MAC003223,2012-09-18 04:00:00,0.097,12.39
MAC003223,2012-09-18 04:30:00,0.041,11.9
MAC003223,2012-09-18 05:00:00,0.059,11.9
MAC003223,2012-09-18 05:30:00,0.083,11.43
MAC003223,2012-09-18 06:00:00,0.921,11.43
MAC003223,2012-09-18 06:30:00,0.713,11.67
MAC003223,2012-09-18 07:00:00,0.436,11.67
MAC003223,2012-09-18 07:30:00,0.128,12.73
MAC003223,2012-09-18 08:00:00,0.064,12.73
MAC003223,2012-09-18 08:30:00,0.223,14.33
MAC003223,2012-09-18 09:00:00,0.32,14.33
MAC003223,2012-09-18 09:30:00,0.289,15.14
MAC003223,2012-09-18 10:00:00,0.071,15.14
MAC003223,2012-09-18 10:30:00,0.174,16.14
MAC003223,2012-09-18 11:00:00,0.088,16.14
MAC003223,2012-09-18 11:30:00,0.208,15.93
MAC003223,2012-09-18 12:00:00,0.271,15.93
MAC003223,2012-09-18 12:30:00,0.396,17.19
MAC003223,2012-09-18 13:00:00,0.077,17.19
MAC003223,2012-09-18 13:30:00,0.072,17.16
MAC003223,2012-09-18 14:00:00,0.085,17.16
MAC003223,2012-09-18 14:30:00,0.623,16.77
MAC003223,2012-09-18 15:00:00,0.476,16.77
MAC003223,2012-09-18 15:30:00,0.291,16.97
MAC003223,2012-09-18 16:00:00,0.255,16.97
MAC003223,2012-09-18 16:30:00,0.225,16.07
MAC003223,2012-09-18 17:00:00,0.28,16.07
MAC003223,2012-09-18 17:30:00,0.379,14.88
MAC003223,2012-09-18 18:00:00,0.252,14.88
MAC003223,2012-09-18 18:30:00,0.274,13.79
MAC003223,2012-09-18 19:00:00,0.29,13.79
MAC003223,2012-09-18 19:30:00,0.364,12.55
MAC003223,2012-09-18 20:00:00,0.401,12.55
MAC003223,2012-09-18 20:30:00,0.392,11.55
MAC003223,2012-09-18 21:00:00,0.39,11.55
MAC003223,2012-09-18 21:30:00,0.352,10.97
MAC003223,2012-09-18 22:00:00,0.457,10.97
MAC003223,2012-09-18 22:30:00,0.301,9.95
MAC003223,2012-09-18 23:00:00,0.211,9.95
MAC003223,2012-09-18 23:30:00,0.182,9.23
MAC003223,2012-09-19 00:00:00,0.191,9.23
MAC003223,2012-09-19 00:30:00,0.135,8.74
MAC003223,2012-09-19 01:00:00,0.074,8.74
MAC003223,2012-09-19 01:30:00,0.114,8.21
MAC003223,2012-09-19 02:00:00,0.078,8.21
MAC003223,2012-09-19 02:30:00,0.058,7.72
MAC003223,2012-09-19 03:00:00,0.068,7.72
MAC003223,2012-09-19 03:30:00,0.058,7.56
MAC003223,2012-09-19 04:00:00,0.068,7.56
MAC003223,2012-09-19 04:30:00,0.068,7.41
MAC003223,2012-09-19 05:00:00,0.041,7.41
MAC003223,2012-09-19 05:30:00,0.039,7.35
MAC003223,2012-09-19 06:00:00,0.334,7.35
MAC003223,2012-09-19 06:30:00,0.543,8.13
MAC003223,2012-09-19 07:00:00,0.328,8.13
MAC003223,2012-09-19 07:30:00,1.286,10.19
MAC003223,2012-09-19 08:00:00,0.664,10.19
MAC003223,2012-09-19 08:30:00,0.633,11.85
MAC003223,2012-09-19 09:00:00,0.282,11.85
MAC003223,2012-09-19 09:30:00,0.317,14.06
MAC003223,2012-09-19 10:00:00,0.136,14.06
MAC003223,2012-09-19 10:30:00,0.113,15.05
MAC003223,2012-09-19 11:00:00,0.186,15.05
MAC003223,2012-09-19 11:30:00,0.412,16.01
MAC003223,2012-09-19 12:00:00,1.143,16.01
MAC003223,2012-09-19 12:30:00,0.881,15.43
MAC003223,2012-09-19 13:00:00,0.761,15.43
MAC003223,2012-09-19 13:30:00,0.331,16.08
MAC003223,2012-09-19 14:00:00,0.312,16.08
MAC003239,2012-09-18 09:00:00,0.061,14.33
MAC003239,2012-09-18 09:30:00,0.05,15.14
MAC003239,2012-09-18 10:00:00,0.184,15.14
MAC003239,2012-09-18 10:30:00,0.049,16.14
MAC003239,2012-09-18 11:00:00,0.071,16.14
MAC003239,2012-09-18 11:30:00,0.067,15.93
MAC003239,2012-09-18 12:00:00,0.12,15.93
MAC003239,2012-09-18 12:30:00,0.23,17.19
MAC003239,2012-09-18 13:00:00,0.071,17.19
MAC003239,2012-09-18 13:30:00,0.074,17.16
MAC003239,2012-09-18 14:00:00,0.064,17.16
MAC003239,2012-09-18 14:30:00,0.096,16.77
MAC003239,2012-09-18 15:00:00,0.103,16.77
MAC003239,2012-09-18 15:30:00,0.197,16.97
MAC003239,2012-09-18 16:00:00,0.243,16.97
MAC003239,2012-09-18 16:30:00,0.161,16.07
MAC003239,2012-09-18 17:00:00,0.168,16.07
MAC003239,2012-09-18 17:30:00,0.163,14.88
MAC003239,2012-09-18 18:00:00,0.156,14.88
MAC003239,2012-09-18 18:30:00,0.228,13.79
MAC003239,2012-09-18 19:00:00,0.265,13.79
MAC003239,2012-09-18 19:30:00,0.29,12.55
MAC003239,2012-09-18 20:00:00,0.227,12.55
MAC003239,2012-09-18 20:30:00,0.198,11.55
MAC003239,2012-09-18 21:00:00,0.216,11.55
MAC003239,2012-09-18 21:30:00,0.388,10.97
MAC003239,2012-09-18 22:00:00,0.125,10.97
MAC003239,2012-09-18 22:30:00,0.075,9.95
MAC003239,2012-09-18 23:00:00,0.07,9.95
MAC003239,2012-09-18 23:30:00,0.063,9.23
MAC003239,2012-09-19 00:00:00,0.062,9.23
MAC003239,2012-09-19 00:30:00,0.081,8.74
MAC003239,2012-09-19 01:00:00,0.062,8.74
MAC003239,2012-09-19 01:30:00,0.063,8.21
MAC003239,2012-09-19 02:00:00,0.078,8.21
MAC003239,2012-09-19 02:30:00,0.064,7.72
MAC003239,2012-09-19 03:00:00,0.062,7.72
MAC003239,2012-09-19 03:30:00,0.062,7.56
MAC003239,2012-09-19 04:00:00,0.079,7.56
MAC003239,2012-09-19 04:30:00,0.062,7.41
MAC003239,2012-09-19 05:00:00,0.061,7.41
MAC003239,2012-09-19 05:30:00,0.079,7.35
MAC003239,2012-09-19 06:00:00,0.092,7.35
MAC003239,2012-09-19 06:30:00,0.096,8.13
MAC003239,2012-09-19 07:00:00,0.221,8.13
MAC003239,2012-09-19 07:30:00,0.112,10.19
MAC003239,2012-09-19 08:00:00,0.196,10.19
MAC003239,2012-09-19 08:30:00,0.092,11.85
MAC003239,2012-09-19 09:00:00,0.055,11.85
MAC003239,2012-09-19 09:30:00,0.053,14.06
MAC003239,2012-09-19 10:00:00,0.064,14.06
MAC003239,2012-09-19 10:30:00,0.197,15.05
MAC003239,2012-09-19 11:00:00,0.27,15.05
MAC003239,2012-09-19 11:30:00,0.225,16.01
MAC003239,2012-09-19 12:00:00,0.069,16.01
MAC003239,2012-09-19 12:30:00,0.253,15.43
MAC003239,2012-09-19 13:00:00,0.165,15.43
MAC003239,2012-09-19 13:30:00,0.159,16.08
MAC003239,2012-09-19 14:00:00,0.111,16.08
MAC003239,2012-09-19 14:30:00,0.127,16.01
MAC003239,2012-09-19 15:00:00,0.113,16.01
MAC003239,2012-09-19 15:30:00,0.071,16.3
MAC003239,2012-09-19 16:00:00,0.113,16.3
MAC003239,2012-09-19 16:30:00,0.097,15.55
MAC003239,2012-09-19 17:00:00,0.245,15.55
MAC003239,2012-09-19 17:30:00,0.222,14.24
MAC003239,2012-09-19 18:00:00,0.404,14.24
MAC003239,2012-09-19 18:30:00,0.45,12.85
MAC003239,2012-09-19 19:00:00,0.365,12.85
MAC003239,2012-09-19 19:30:00,0.369,12.71
MAC003239,2012-09-19 20:00:00,0.162,12.71
MAC003239,2012-09-19 20:30:00,0.154,12.56
MAC003239,2012-09-19 21:00:00,0.323,12.56
MAC003239,2012-09-19 21:30:00,0.248,11.19
MAC003239,2012-09-19 22:00:00,0.12,11.19
MAC003239,2012-09-19 22:30:00,0.094,10.49
MAC003239,2012-09-19 23:00:00,0.066,10.49
MAC003239,2012-09-19 23:30:00,0.063,9.12
MAC003239,2012-09-20 00:00:00,0.063,9.12
MAC003239,2012-09-20 00:30:00,0.08,9.07
MAC003239,2012-09-20 01:00:00,0.063,9.07
MAC003239,2012-09-20 01:30:00,0.063,9.33
MAC003239,2012-09-20 02:00:00,0.076,9.33
MAC003239,2012-09-20 02:30:00,0.067,9.08
MAC003239,2012-09-20 03:00:00,0.063,9.08
MAC003239,2012-09-20 03:30:00,0.062,9.15
MAC003239,2012-09-20 04:00:00,0.08,9.15
MAC003239,2012-09-20 04:30:00,0.031,9.21
MAC003239,2012-09-20 05:00:00,0.028,9.21
MAC003239,2012-09-20 05:30:00,0.071,9.18
MAC003239,2012-09-20 06:00:00,0.1,9.18
MAC003239,2012-09-20 06:30:00,0.169,10.33
MAC003239,2012-09-20 07:00:00,0.099,10.33
MAC003239,2012-09-20 07:30:00,0.114,12.06
MAC003239,2012-09-20 08:00:00,0.189,12.06
MAC003239,2012-09-20 08:30:00,0.058,13.71
MAC003239,2012-09-20 09:00:00,0.077,13.71
MAC003239,2012-09-20 09:30:00,0.086,14.99
MAC003239,2012-09-20 10:00:00,0.067,14.99
MAC003239,2012-09-20 10:30:00,0.227,16.48
MAC003252,2012-09-19 00:30:00,0.057,8.74
MAC003252,2012-09-19 01:00:00,0.052,8.74
MAC003252,2012-09-19 01:30:00,0.148,8.21
MAC003252,2012-09-19 02:00:00,0.142,8.21
MAC003252,2012-09-19 02:30:00,0.114,7.72
MAC003252,2012-09-19 03:00:00,0.087,7.72
MAC003252,2012-09-19 03:30:00,0.085,7.56
MAC003252,2012-09-19 04:00:00,0.05,7.56
MAC003252,2012-09-19 04:30:00,0.121,7.41
MAC003252,2012-09-19 05:00:00,0.165,7.41
MAC003252,2012-09-19 05:30:00,0.153,7.35
MAC003252,2012-09-19 06:00:00,0.049,7.35
MAC003252,2012-09-19 06:30:00,0.144,8.13
MAC003252,2012-09-19 07:00:00,0.393,8.13
MAC003252,2012-09-19 07:30:00,0.321,10.19
MAC003252,2012-09-19 08:00:00,0.338,10.19
MAC003252,2012-09-19 08:30:00,0.195,11.85
MAC003252,2012-09-19 09:00:00,0.079,11.85
MAC003252,2012-09-19 09:30:00,0.087,14.06
MAC003252,2012-09-19 10:00:00,0.174,14.06
MAC003252,2012-09-19 10:30:00,0.154,15.05
MAC003252,2012-09-19 11:00:00,0.153,15.05
MAC003252,2012-09-19 11:30:00,0.144,16.01
MAC003252,2012-09-19 12:00:00,0.079,16.01
MAC003252,2012-09-19 12:30:00,0.09,15.43
MAC003252,2012-09-19 13:00:00,0.192,15.43
MAC003252,2012-09-19 13:30:00,0.161,16.08
MAC003252,2012-09-19 14:00:00,0.136,16.08
MAC003252,2012-09-19 14:30:00,0.193,16.01
MAC003252,2012-09-19 15:00:00,0.337,16.01
MAC003252,2012-09-19 15:30:00,0.375,16.3
MAC003252,2012-09-19 16:00:00,0.273,16.3
MAC003252,2012-09-19 16:30:00,0.211,15.55
MAC003252,2012-09-19 17:00:00,0.125,15.55
MAC003252,2012-09-19 17:30:00,0.234,14.24
MAC003252,2012-09-19 18:00:00,0.232,14.24
MAC003252,2012-09-19 18:30:00,0.233,12.85
MAC003252,2012-09-19 19:00:00,0.199,12.85
MAC003252,2012-09-19 19:30:00,0.209,12.71
MAC003252,2012-09-19 20:00:00,0.17,12.71
MAC003252,2012-09-19 20:30:00,0.107,12.56
MAC003252,2012-09-19 21:00:00,0.159,12.56
MAC003252,2012-09-19 21:30:00,0.413,11.19
MAC003252,2012-09-19 22:00:00,0.45,11.19
MAC003252,2012-09-19 22:30:00,0.222,10.49
MAC003252,2012-09-19 23:00:00,0.242,10.49
MAC003252,2012-09-19 23:30:00,0.122,9.12
MAC003252,2012-09-20 00:00:00,0.131,9.12
MAC003252,2012-09-20 00:30:00,0.213,9.07
MAC003252,2012-09-20 01:00:00,0.201,9.07
MAC003252,2012-09-20 01:30:00,0.166,9.33
MAC003252,2012-09-20 02:00:00,0.123,9.33
MAC003252,2012-09-20 02:30:00,0.149,9.08
MAC003252,2012-09-20 03:00:00,0.117,9.08
MAC003252,2012-09-20 03:30:00,0.12,9.15
MAC003252,2012-09-20 04:00:00,0.157,9.15
MAC003252,2012-09-20 04:30:00,0.073,9.21
MAC003252,2012-09-20 05:00:00,0.052,9.21
MAC003252,2012-09-20 05:30:00,0.098,9.18
MAC003252,2012-09-20 06:00:00,0.197,9.18
MAC003252,2012-09-20 06:30:00,0.371,10.33
MAC003252,2012-09-20 07:00:00,0.166,10.33
MAC003252,2012-09-20 07:30:00,0.971,12.06
MAC003252,2012-09-20 08:00:00,0.511,12.06
MAC003252,2012-09-20 08:30:00,0.308,13.71
MAC003252,2012-09-20 09:00:00,0.538,13.71
MAC003252,2012-09-20 09:30:00,0.157,14.99
MAC003252,2012-09-20 10:00:00,0.096,14.99
MAC003252,2012-09-20 10:30:00,0.279,16.48
MAC003252,2012-09-20 11:00:00,0.143,16.48
MAC003252,2012-09-20 11:30:00,0.189,17.38
MAC003252,2012-09-20 12:00:00,0.197,17.38
MAC003252,2012-09-20 12:30:00,0.156,16.95
MAC003252,2012-09-20 13:00:00,0.373,16.95
MAC003252,2012-09-20 13:30:00,0.346,16.94
MAC003252,2012-09-20 14:00:00,0.372,16.94
MAC003252,2012-09-20 14:30:00,0.33,16.51
MAC003252,2012-09-20 15:00:00,0.381,16.51
MAC003252,2012-09-20 15:30:00,0.407,16.36
MAC003252,2012-09-20 16:00:00,0.236,16.36
MAC003252,2012-09-20 16:30:00,0.096,15.67
MAC003252,2012-09-20 17:00:00,0.204,15.67
MAC003252,2012-09-20 17:30:00,0.161,14.66
MAC003252,2012-09-20 18:00:00,0.157,14.66
MAC003252,2012-09-20 18:30:00,0.169,13.99
MAC003252,2012-09-20 19:00:00,0.106,13.99
MAC003252,2012-09-20 19:30:00,0.098,13.79
MAC003252,2012-09-20 20:00:00,0.196,13.79
MAC003252,2012-09-20 20:30:00,0.199,13.34
MAC003252,2012-09-20 21:00:00,0.163,13.34
MAC003252,2012-09-20 21:30:00,0.116,12.75
MAC003252,2012-09-20 22:00:00,0.149,12.75
MAC003252,2012-09-20 22:30:00,0.151,12.19
MAC003252,2012-09-20 23:00:00,0.191,12.19
MAC003252,2012-09-20 23:30:00,0.181,11.66
MAC003252,2012-09-21 00:00:00,0.138,11.66
MAC003252,2012-09-21 00:30:00,0.072,11.26
MAC003252,2012-09-21 01:00:00,0.073,11.26
MAC003252,2012-09-21 01:30:00,0.132,11.21
MAC003252,2012-09-21 02:00:00,0.118,11.21
MAC003281,2012-09-21 08:30:00,0.312,13.75
MAC003281,2012-09-21 09:00:00,0.206,13.75
MAC003281,2012-09-21 09:30:00,0.063,14.75
MAC003281,2012-09-21 10:00:00,0.084,14.75
MAC003281,2012-09-21 10:30:00,0.148,15.25
MAC003281,2012-09-21 11:00:00,0.146,15.25
MAC003281,2012-09-21 11:30:00,0.041,14.91
MAC003281,2012-09-21 12:00:00,0.052,14.91
MAC003281,2012-09-21 12:30:00,0.072,15.46
MAC003281,2012-09-21 13:00:00,0.11,15.46
MAC003281,2012-09-21 13:30:00,0.122,16.02
MAC003281,2012-09-21 14:00:00,0.069,16.02
MAC003281,2012-09-21 14:30:00,0.101,16.32
MAC003281,2012-09-21 15:00:00,0.053,16.32
MAC003281,2012-09-21 15:30:00,0.101,15.7
MAC003281,2012-09-21 16:00:00,0.063,15.7
MAC003281,2012-09-21 16:30:00,0.094,15.28
MAC003281,2012-09-21 17:00:00,0.232,15.28
MAC003281,2012-09-21 17:30:00,0.274,13.43
MAC003281,2012-09-21 18:00:00,0.526,13.43
MAC003281,2012-09-21 18:30:00,0.447,12.54
MAC003281,2012-09-21 19:00:00,0.239,12.54
MAC003281,2012-09-21 19:30:00,0.215,11.99
MAC003281,2012-09-21 20:00:00,0.162,11.99
MAC003281,2012-09-21 20:30:00,0.273,11.52
MAC003281,2012-09-21 21:00:00,0.303,11.52
MAC003281,2012-09-21 21:30:00,0.455,11.25
MAC003281,2012-09-21 22:00:00,0.301,11.25
MAC003281,2012-09-21 22:30:00,0.233,11.16
MAC003281,2012-09-21 23:00:00,0.18,11.16
MAC003281,2012-09-21 23:30:00,0.03,10.63
MAC003281,2012-09-22 00:00:00,0.059,10.63
MAC003281,2012-09-22 00:30:00,0.04,10.02
MAC003281,2012-09-22 01:00:00,0.042,10.02
MAC003281,2012-09-22 01:30:00,0.064,8.97
MAC003281,2012-09-22 02:00:00,0.024,8.97
MAC003281,2012-09-22 02:30:00,0.073,8.31
MAC003281,2012-09-22 03:00:00,0.024,8.31
MAC003281,2012-09-22 03:30:00,0.066,7.71
MAC003281,2012-09-22 04:00:00,0.038,7.71
MAC003281,2012-09-22 04:30:00,0.044,7.09
MAC003281,2012-09-22 05:00:00,0.052,7.09
MAC003281,2012-09-22 05:30:00,0.302,6.59
MAC003281,2012-09-22 06:00:00,0.237,6.59
MAC003281,2012-09-22 06:30:00,0.198,7.38
MAC003281,2012-09-22 07:00:00,0.162,7.38
MAC003281,2012-09-22 07:30:00,0.38,8.64
MAC003281,2012-09-22 08:00:00,0.208,8.64
MAC003281,2012-09-22 08:30:00,0.308,10.49
MAC003281,2012-09-22 09:00:00,0.324,10.49
MAC003281,2012-09-22 09:30:00,0.221,12.11
MAC003281,2012-09-22 10:00:00,0.059,12.11
MAC003281,2012-09-22 10:30:00,0.09,13.48
MAC003281,2012-09-22 11:00:00,0.091,13.48
MAC003281,2012-09-22 11:30:00,0.075,14.12
MAC003281,2012-09-22 12:00:00,0.036,14.12
MAC003281,2012-09-22 12:30:00,0.086,15.4
MAC003281,2012-09-22 13:00:00,0.054,15.4
MAC003281,2012-09-22 13:30:00,0.131,15.01
MAC003281,2012-09-22 14:00:00,0.106,15.01
MAC003281,2012-09-22 14:30:00,0.11,15.62
MAC003281,2012-09-22 15:00:00,0.121,15.62
MAC003281,2012-09-22 15:30:00,0.092,15.11
MAC003281,2012-09-22 16:00:00,0.227,15.11
MAC003281,2012-09-22 16:30:00,0.083,13.81
MAC003281,2012-09-22 17:00:00,0.132,13.81
MAC003281,2012-09-22 17:30:00,0.271,12.99
MAC003281,2012-09-22 18:00:00,0.238,12.99
MAC003281,2012-09-22 18:30:00,0.295,12.5
MAC003281,2012-09-22 19:00:00,0.221,12.5
MAC003281,2012-09-22 19:30:00,0.282,11.53
MAC003281,2012-09-22 20:00:00,0.216,11.53
MAC003281,2012-09-22 20:30:00,0.164,11.01
MAC003281,2012-09-22 21:00:00,0.133,11.01
MAC003281,2012-09-22 21:30:00,0.283,11.32
MAC003281,2012-09-22 22:00:00,0.184,11.32
MAC003281,2012-09-22 22:30:00,0.202,10.63
MAC003281,2012-09-22 23:00:00,0.126,10.63
MAC003281,2012-09-22 23:30:00,0.085,9.74
MAC003281,2012-09-23 00:00:00,0.05,9.74
MAC003281,2012-09-23 00:30:00,0.046,9.35
MAC003281,2012-09-23 01:00:00,0.071,9.35
MAC003281,2012-09-23 01:30:00,0.03,9.21
MAC003281,2012-09-23 02:00:00,0.08,9.21
MAC003281,2012-09-23 02:30:00,0.034,8.85
MAC003281,2012-09-23 03:00:00,0.05,8.85
MAC003281,2012-09-23 03:30:00,0.047,9.02
MAC003281,2012-09-23 04:00:00,0.028,9.02
MAC003281,2012-09-23 04:30:00,0.069,9.57
MAC003281,2012-09-23 05:00:00,0.029,9.57
MAC003281,2012-09-23 05:30:00,0.342,10.18
MAC003281,2012-09-23 06:00:00,0.145,10.18
MAC003281,2012-09-23 06:30:00,0.21,10.73
MAC003281,2012-09-23 07:00:00,0.136,10.73
MAC003281,2012-09-23 07:30:00,0.15,11.43
MAC003281,2012-09-23 08:00:00,0.369,11.43
MAC003281,2012-09-23 08:30:00,0.157,12.31
MAC003281,2012-09-23 09:00:00,0.484,12.31
MAC003281,2012-09-23 09:30:00,0.11,11.94
MAC003281,2012-09-23 10:00:00,0.226,11.94
MAC003305,2012-09-24 10:30:00,0.6,12.72
MAC003305,2012-09-24 11:00:00,0.28,12.72
MAC003305,2012-09-24 11:30:00,0.391,12.17
MAC003305,2012-09-24 12:00:00,0.363,12.17
MAC003305,2012-09-24 12:30:00,0.254,12.24
MAC003305,2012-09-24 13:00:00,0.253,12.24
MAC003305,2012-09-24 13:30:00,0.247,13.19
MAC003305,2012-09-24 14:00:00,0.215,13.19
MAC003305,2012-09-24 14:30:00,0.238,13.91
MAC003305,2012-09-24 15:00:00,0.477,13.91
MAC003305,2012-09-24 15:30:00,1.408,15.2
MAC003305,2012-09-24 16:00:00,0.7,15.2
MAC003305,2012-09-24 16:30:00,1.0650001,15.01
MAC003305,2012-09-24 17:00:00,0.692,15.01
MAC003305,2012-09-24 17:30:00,0.264,13.97
MAC003305,2012-09-24 18:00:00,0.296,13.97
MAC003305,2012-09-24 18:30:00,0.4,13.35
MAC003305,2012-09-24 19:00:00,0.474,13.35
MAC003305,2012-09-24 19:30:00,0.332,12.44
MAC003305,2012-09-24 20:00:00,0.446,12.44
MAC003305,2012-09-24 20:30:00,0.529,11.88
MAC003305,2012-09-24 21:00:00,1.197,11.88
MAC003305,2012-09-24 21:30:00,0.954,11.51
MAC003305,2012-09-24 22:00:00,0.342,11.51
MAC003305,2012-09-24 22:30:00,0.103,11.41
MAC003305,2012-09-24 23:00:00,0.153,11.41
MAC003305,2012-09-24 23:30:00,0.189,10.93
MAC003305,2012-09-25 00:00:00,0.098,10.93
MAC003305,2012-09-25 00:30:00,0.096,10.81
MAC003305,2012-09-25 01:00:00,0.094,10.81
MAC003305,2012-09-25 01:30:00,0.129,10.27
MAC003305,2012-09-25 02:00:00,0.122,10.27
MAC003305,2012-09-25 02:30:00,0.139,10.2
MAC003305,2012-09-25 03:00:00,0.106,10.2
MAC003305,2012-09-25 03:30:00,0.1,10.21
MAC003305,2012-09-25 04:00:00,0.147,10.21
MAC003305,2012-09-25 04:30:00,0.116,9.81
MAC003305,2012-09-25 05:00:00,0.096,9.81
MAC003305,2012-09-25 05:30:00,0.194,9.74
MAC003305,2012-09-25 06:00:00,0.121,9.74
MAC003305,2012-09-25 06:30:00,0.137,10.46
MAC003305,2012-09-25 07:00:00,0.107,10.46
MAC003305,2012-09-25 07:30:00,0.139,12.18
MAC003305,2012-09-25 08:00:00,0.22,12.18
MAC003305,2012-09-25 08:30:00,0.218,13.36
MAC003305,2012-09-25 09:00:00,0.289,13.36
MAC003305,2012-09-25 09:30:00,0.188,14.6
MAC003305,2012-09-25 10:00:00,0.152,14.6
MAC003305,2012-09-25 10:30:00,0.151,14.61
MAC003305,2012-09-25 11:00:00,0.186,14.61
MAC003305,2012-09-25 11:30:00,0.165,15.47
MAC003305,2012-09-25 12:00:00,0.284,15.47
MAC003305,2012-09-25 12:30:00,0.29,14.92
MAC003305,2012-09-25 13:00:00,0.398,14.92
MAC003305,2012-09-25 13:30:00,0.446,15.29
MAC003305,2012-09-25 14:00:00,0.293,15.29
MAC003305,2012-09-25 14:30:00,0.256,15.19
MAC003305,2012-09-25 15:00:00,0.278,15.19
MAC003305,2012-09-25 15:30:00,0.302,14.66
MAC003305,2012-09-25 16:00:00,0.303,14.66
MAC003305,2012-09-25 16:30:00,0.337,13.9
MAC003305,2012-09-25 17:00:00,0.249,13.9
MAC003305,2012-09-25 17:30:00,0.255,12.97
MAC003305,2012-09-25 18:00:00,0.289,12.97
MAC003305,2012-09-25 18:30:00,0.434,12.38
MAC003305,2012-09-25 19:00:00,0.624,12.38
MAC003305,2012-09-25 19:30:00,0.707,11.86
MAC003305,2012-09-25 20:00:00,0.439,11.86
MAC003305,2012-09-25 20:30:00,0.434,11.73
MAC003305,2012-09-25 21:00:00,0.386,11.73
MAC003305,2012-09-25 21:30:00,0.549,11.81
MAC003305,2012-09-25 22:00:00,0.468,11.81
MAC003305,2012-09-25 22:30:00,0.204,11.27
MAC003305,2012-09-25 23:00:00,0.176,11.27
MAC003305,2012-09-25 23:30:00,0.151,11.18
MAC003305,2012-09-26 00:00:00,0.099,11.18
MAC003305,2012-09-26 00:30:00,0.105,11.32
MAC003305,2012-09-26 01:00:00,0.188,11.32
MAC003305,2012-09-26 01:30:00,0.12,10.93
MAC003305,2012-09-26 02:00:00,0.086,10.93
MAC003305,2012-09-26 02:30:00,0.107,10.07
MAC003305,2012-09-26 03:00:00,0.135,10.07
MAC003305,2012-09-26 03:30:00,0.139,10.78
MAC003305,2012-09-26 04:00:00,0.123,10.78
MAC003305,2012-09-26 04:30:00,0.146,10.46
MAC003305,2012-09-26 05:00:00,0.11,10.46
MAC003305,2012-09-26 05:30:00,0.139,10.54
MAC003305,2012-09-26 06:00:00,0.165,10.54
MAC003305,2012-09-26 06:30:00,0.277,10.93
MAC003305,2012-09-26 07:00:00,0.226,10.93
MAC003305,2012-09-26 07:30:00,0.261,11.54
MAC003305,2012-09-26 08:00:00,0.322,11.54
MAC003305,2012-09-26 08:30:00,0.212,12.59
MAC003305,2012-09-26 09:00:00,0.196,12.59
MAC003305,2012-09-26 09:30:00,0.176,13.21
MAC003305,2012-09-26 10:00:00,0.266,13.21
MAC003305,2012-09-26 10:30:00,0.187,13.44
MAC003305,2012-09-26 11:00:00,0.253,13.44
MAC003305,2012-09-26 11:30:00,0.265,13.88
MAC003305,2012-09-26 12:00:00,0.444,13.88
MAC003348,2012-12-11 00:30:00,0.035,1.34
MAC003348,2012-12-11 01:00:00,0.056,1.34
MAC003348,2012-12-11 01:30:00,0.065,0.93
MAC003348,2012-12-11 02:00:00,0.042,0.93
MAC003348,2012-12-11 02:30:00,0.08,0.85
MAC003348,2012-12-11 03:00:00,0.081,0.85
MAC003348,2012-12-11 03:30:00,0.047,0.74
MAC003348,2012-12-11 04:00:00,0.067,0.74
MAC003348,2012-12-11 04:30:00,0.044,0.34
MAC003348,2012-12-11 05:00:00,0.072,0.34
MAC003348,2012-12-11 05:30:00,0.051,0.3
MAC003348,2012-12-11 06:00:00,0.041,0.3
MAC003348,2012-12-11 06:30:00,0.069,0.19
MAC003348,2012-12-11 07:00:00,0.042,0.19
MAC003348,2012-12-11 07:30:00,0.067,-0.23
MAC003348,2012-12-11 08:00:00,0.77,-0.23
MAC003348,2012-12-11 08:30:00,0.964,0.32
MAC003348,2012-12-11 09:00:00,1.128,0.32
MAC003348,2012-12-11 09:30:00,0.689,0.96
MAC003348,2012-12-11 10:00:00,0.701,0.96
MAC003348,2012-12-11 10:30:00,0.295,1.88
MAC003348,2012-12-11 11:00:00,0.276,1.88
MAC003348,2012-12-11 11:30:00,0.264,2.46
MAC003348,2012-12-11 12:00:00,0.157,2.46
MAC003348,2012-12-11 12:30:00,0.159,2.62
MAC003348,2012-12-11 13:00:00,0.163,2.62
MAC003348,2012-12-11 13:30:00,0.132,2.7
MAC003348,2012-12-11 14:00:00,0.256,2.7
MAC003348,2012-12-11 14:30:00,0.272,2.53
MAC003348,2012-12-11 15:00:00,0.243,2.53
MAC003348,2012-12-11 15:30:00,0.311,1.26
MAC003348,2012-12-11 16:00:00,0.367,1.26
MAC003348,2012-12-11 16:30:00,1.193,0.52
MAC003348,2012-12-11 17:00:00,0.591,0.52
MAC003348,2012-12-11 17:30:00,0.512,-0.33
MAC003348,2012-12-11 18:00:00,0.691,-0.33
MAC003348,2012-12-11 18:30:00,0.469,-1.59
MAC003348,2012-12-11 19:00:00,0.539,-1.59
MAC003348,2012-12-11 19:30:00,0.391,-2.01
MAC003348,2012-12-11 20:00:00,0.372,-2.01
MAC003348,2012-12-11 20:30:00,0.463,-2.49
MAC003348,2012-12-11 21:00:00,0.511,-2.49
MAC003348,2012-12-11 21:30:00,0.747,-2.26
MAC003348,2012-12-11 22:00:00,0.365,-2.26
MAC003348,2012-12-11 22:30:00,0.362,-1.96
MAC003348,2012-12-11 23:00:00,1.059,-1.96
MAC003348,2012-12-11 23:30:00,0.202,-2.38
MAC003348,2012-12-12 00:00:00,0.083,-2.38
MAC003348,2012-12-12 00:30:00,0.054,-2.91
MAC003348,2012-12-12 01:00:00,0.035,-2.91
MAC003348,2012-12-12 01:30:00,0.073,-3.27
MAC003348,2012-12-12 02:00:00,0.041,-3.27
MAC003348,2012-12-12 02:30:00,0.061,-3.08
MAC003348,2012-12-12 03:00:00,0.059,-3.08
MAC003348,2012-12-12 03:30:00,0.041,-3.03
MAC003348,2012-12-12 04:00:00,0.074,-3.03
MAC003348,2012-12-12 04:30:00,0.036,-3.37
MAC003348,2012-12-12 05:00:00,0.058,-3.37
MAC003348,2012-12-12 05:30:00,0.057,-3.8
MAC003348,2012-12-12 06:00:00,0.041,-3.8
MAC003348,2012-12-12 06:30:00,0.076,-3.83
MAC003348,2012-12-12 07:00:00,0.032,-3.83
MAC003348,2012-12-12 07:30:00,0.06,-3.66
MAC003348,2012-12-12 08:00:00,1.406,-3.66
MAC003348,2012-12-12 08:30:00,1.885,-2.96
MAC003348,2012-12-12 09:00:00,1.456,-2.96
MAC003348,2012-12-12 09:30:00,0.655,-1.99
MAC003348,2012-12-12 10:00:00,0.353,-1.99
MAC003348,2012-12-12 10:30:00,0.18,-0.11
MAC003348,2012-12-12 11:00:00,0.205,-0.11
MAC003348,2012-12-12 11:30:00,0.205,0.66
MAC003348,2012-12-12 12:00:00,0.157,0.66
MAC003348,2012-12-12 12:30:00,0.903,0.94
MAC003348,2012-12-12 13:00:00,0.242,0.94
MAC003348,2012-12-12 13:30:00,0.228,1.21
MAC003348,2012-12-12 14:00:00,0.262,1.21
MAC003348,2012-12-12 14:30:00,0.214,1.57
MAC003348,2012-12-12 15:00:00,0.322,1.57
MAC003348,2012-12-12 15:30:00,0.276,1.8
MAC003348,2012-12-12 16:00:00,0.349,1.8
MAC003348,2012-12-12 16:30:00,0.36,1.18
MAC003348,2012-12-12 17:00:00,0.345,1.18
MAC003348,2012-12-12 17:30:00,0.496,0.84
MAC003348,2012-12-12 18:00:00,0.786,0.84
MAC003348,2012-12-12 18:30:00,0.577,0.76
MAC003348,2012-12-12 19:00:00,0.568,0.76
MAC003348,2012-12-12 19:30:00,0.276,0.79
MAC003348,2012-12-12 20:00:00,0.261,0.79
MAC003348,2012-12-12 20:30:00,0.349,0.44
MAC003348,2012-12-12 21:00:00,0.506,0.44
MAC003348,2012-12-12 21:30:00,0.483,0.27
MAC003348,2012-12-12 22:00:00,0.481,0.27
MAC003348,2012-12-12 22:30:00,0.377,-0.58
MAC003348,2012-12-12 23:00:00,0.301,-0.58
MAC003348,2012-12-12 23:30:00,0.265,-0.37
MAC003348,2012-12-13 00:00:00,0.09,-0.37
MAC003348,2012-12-13 00:30:00,0.096,-0.81
MAC003348,2012-12-13 01:00:00,0.052,-0.81
MAC003348,2012-12-13 01:30:00,0.084,-0.8
MAC003348,2012-12-13 02:00:00,0.046,-0.8
MAC003388,2012-09-28 09:00:00,0.683,13.72
MAC003388,2012-09-28 09:30:00,0.342,14.65
MAC003388,2012-09-28 10:00:00,0.185,14.65
MAC003388,2012-09-28 10:30:00,0.22,15.93
MAC003388,2012-09-28 11:00:00,0.223,15.93
MAC003388,2012-09-28 11:30:00,0.149,16.62
MAC003388,2012-09-28 12:00:00,0.159,16.62
MAC003388,2012-09-28 12:30:00,0.229,17.07
MAC003388,2012-09-28 13:00:00,0.205,17.07
MAC003388,2012-09-28 13:30:00,0.141,14.55
MAC003388,2012-09-28 14:00:00,0.196,14.55
MAC003388,2012-09-28 14:30:00,0.382,13.43
MAC003388,2012-09-28 15:00:00,0.206,13.43
MAC003388,2012-09-28 15:30:00,0.175,13.77
MAC003388,2012-09-28 16:00:00,0.3,13.77
MAC003388,2012-09-28 16:30:00,0.404,13.32
MAC003388,2012-09-28 17:00:00,0.388,13.32
MAC003388,2012-09-28 17:30:00,0.318,12.99
MAC003388,2012-09-28 18:00:00,0.617,12.99
MAC003388,2012-09-28 18:30:00,1.687,12.52
MAC003388,2012-09-28 19:00:00,1.603,12.52
MAC003388,2012-09-28 19:30:00,1.1619999,12.43
MAC003388,2012-09-28 20:00:00,0.873,12.43
MAC003388,2012-09-28 20:30:00,0.857,11.94
MAC003388,2012-09-28 21:00:00,0.971,11.94
MAC003388,2012-09-28 21:30:00,0.468,11.45
MAC003388,2012-09-28 22:00:00,0.736,11.45
MAC003388,2012-09-28 22:30:00,0.813,11.01
MAC003388,2012-09-28 23:00:00,0.311,11.01
MAC003388,2012-09-28 23:30:00,0.252,10.51
MAC003388,2012-09-29 00:00:00,0.214,10.51
MAC003388,2012-09-29 00:30:00,0.2,10.59
MAC003388,2012-09-29 01:00:00,0.152,10.59
MAC003388,2012-09-29 01:30:00,0.086,10.36
MAC003388,2012-09-29 02:00:00,0.165,10.36
MAC003388,2012-09-29 02:30:00,0.167,9.86
MAC003388,2012-09-29 03:00:00,0.204,9.86
MAC003388,2012-09-29 03:30:00,0.227,9.32
MAC003388,2012-09-29 04:00:00,0.161,9.32
MAC003388,2012-09-29 04:30:00,0.15,8.78
MAC003388,2012-09-29 05:00:00,0.184,8.78
MAC003388,2012-09-29 05:30:00,0.123,8.74
MAC003388,2012-09-29 06:00:00,0.066,8.74
MAC003388,2012-09-29 06:30:00,0.141,8.97
MAC003388,2012-09-29 07:00:00,0.228,8.97
MAC003388,2012-09-29 07:30:00,0.189,10.57
MAC003388,2012-09-29 08:00:00,0.192,10.57
MAC003388,2012-09-29 08:30:00,0.436,12.1
MAC003388,2012-09-29 09:00:00,0.757,12.1
MAC003388,2012-09-29 09:30:00,0.548,13.46
MAC003388,2012-09-29 10:00:00,0.356,13.46
MAC003388,2012-09-29 10:30:00,0.374,14.44
MAC003388,2012-09-29 11:00:00,0.506,14.44
MAC003388,2012-09-29 11:30:00,0.487,14.62
MAC003388,2012-09-29 12:00:00,0.58,14.62
MAC003388,2012-09-29 12:30:00,0.421,15.83
MAC003388,2012-09-29 13:00:00,0.632,15.83
MAC003388,2012-09-29 13:30:00,0.636,15.12
MAC003388,2012-09-29 14:00:00,1.2920001,15.12
MAC003388,2012-09-29 14:30:00,0.644,15.59
MAC003388,2012-09-29 15:00:00,0.989,15.59
MAC003388,2012-09-29 15:30:00,0.949,14.64
MAC003388,2012-09-29 16:00:00,2.1489999,14.64
MAC003388,2012-09-29 16:30:00,1.353,13.63
MAC003388,2012-09-29 17:00:00,1.626,13.63
MAC003388,2012-09-29 17:30:00,0.924,11.85
MAC003388,2012-09-29 18:00:00,1.7819999,11.85
MAC003388,2012-09-29 18:30:00,0.405,10.13
MAC003388,2012-09-29 19:00:00,0.279,10.13
MAC003388,2012-09-29 19:30:00,0.23,9.92
MAC003388,2012-09-29 20:00:00,0.238,9.92
MAC003388,2012-09-29 20:30:00,0.32,9.26
MAC003388,2012-09-29 21:00:00,0.346,9.26
MAC003388,2012-09-29 21:30:00,0.865,8.71
MAC003388,2012-09-29 22:00:00,0.656,8.71
MAC003388,2012-09-29 22:30:00,0.831,8.17
MAC003388,2012-09-29 23:00:00,1.097,8.17
MAC003388,2012-09-29 23:30:00,0.268,7.67
MAC003388,2012-09-30 00:00:00,0.21,7.67
MAC003388,2012-09-30 00:30:00,0.239,7.49
MAC003388,2012-09-30 01:00:00,0.289,7.49
MAC003388,2012-09-30 01:30:00,0.214,7.04
MAC003388,2012-09-30 02:00:00,0.239,7.04
MAC003388,2012-09-30 02:30:00,0.263,6.55
MAC003388,2012-09-30 03:00:00,0.256,6.55
MAC003388,2012-09-30 03:30:00,0.17,6.42
MAC003388,2012-09-30 04:00:00,0.17,6.42
MAC003388,2012-09-30 04:30:00,0.203,6.9
MAC003388,2012-09-30 05:00:00,0.23,6.9
MAC003388,2012-09-30 05:30:00,0.277,7.86
MAC003388,2012-09-30 06:00:00,0.243,7.86
MAC003388,2012-09-30 06:30:00,0.299,9.14
MAC003388,2012-09-30 07:00:00,0.29,9.14
MAC003388,2012-09-30 07:30:00,0.205,10.89
MAC003388,2012-09-30 08:00:00,0.184,10.89
MAC003388,2012-09-30 08:30:00,0.201,13.0
MAC003388,2012-09-30 09:00:00,0.172,13.0
MAC003388,2012-09-30 09:30:00,0.724,13.77
MAC003388,2012-09-30 10:00:00,0.517,13.77
MAC003388,2012-09-30 10:30:00,0.844,14.82
MAC003394,2012-09-28 10:30:00,0.569,15.93
MAC003394,2012-09-28 11:00:00,0.253,15.93
MAC003394,2012-09-28 11:30:00,0.279,16.62
MAC003394,2012-09-28 12:00:00,0.15,16.62
MAC003394,2012-09-28 12:30:00,0.164,17.07
MAC003394,2012-09-28 13:00:00,0.166,17.07
MAC003394,2012-09-28 13:30:00,0.274,14.55
MAC003394,2012-09-28 14:00:00,0.471,14.55
MAC003394,2012-09-28 14:30:00,0.224,13.43
MAC003394,2012-09-28 15:00:00,0.158,13.43
MAC003394,2012-09-28 15:30:00,0.168,13.77
MAC003394,2012-09-28 16:00:00,0.162,13.77
MAC003394,2012-09-28 16:30:00,1.143,13.32
MAC003394,2012-09-28 17:00:00,1.056,13.32
MAC003394,2012-09-28 17:30:00,0.696,12.99
MAC003394,2012-09-28 18:00:00,0.723,12.99
MAC003394,2012-09-28 18:30:00,1.013,12.52
MAC003394,2012-09-28 19:00:00,1.082,12.52
MAC003394,2012-09-28 19:30:00,1.395,12.43
MAC003394,2012-09-28 20:00:00,1.234,12.43
MAC003394,2012-09-28 20:30:00,1.053,11.94
MAC003394,2012-09-28 21:00:00,1.01,11.94
MAC003394,2012-09-28 21:30:00,0.958,11.45
MAC003394,2012-09-28 22:00:00,0.573,11.45
MAC003394,2012-09-28 22:30:00,0.211,11.01
MAC003394,2012-09-28 23:00:00,0.18,11.01
MAC003394,2012-09-28 23:30:00,0.196,10.51
MAC003394,2012-09-29 00:00:00,0.19,10.51
MAC003394,2012-09-29 00:30:00,0.176,10.59
MAC003394,2012-09-29 01:00:00,0.188,10.59
MAC003394,2012-09-29 01:30:00,0.182,10.36
MAC003394,2012-09-29 02:00:00,0.169,10.36
MAC003394,2012-09-29 02:30:00,0.179,9.86
MAC003394,2012-09-29 03:00:00,0.23,9.86
MAC003394,2012-09-29 03:30:00,0.294,9.32
MAC003394,2012-09-29 04:00:00,0.301,9.32
MAC003394,2012-09-29 04:30:00,0.32,8.78
MAC003394,2012-09-29 05:00:00,0.298,8.78
MAC003394,2012-09-29 05:30:00,0.265,8.74
MAC003394,2012-09-29 06:00:00,0.272,8.74
MAC003394,2012-09-29 06:30:00,0.303,8.97
MAC003394,2012-09-29 07:00:00,0.54,8.97
MAC003394,2012-09-29 07:30:00,0.426,10.57
MAC003394,2012-09-29 08:00:00,0.372,10.57
MAC003394,2012-09-29 08:30:00,0.976,12.1
MAC003394,2012-09-29 09:00:00,0.356,12.1
MAC003394,2012-09-29 09:30:00,0.992,13.46
MAC003394,2012-09-29 10:00:00,0.531,13.46
MAC003394,2012-09-29 10:30:00,0.836,14.44
MAC003394,2012-09-29 11:00:00,0.391,14.44
MAC003394,2012-09-29 11:30:00,1.147,14.62
MAC003394,2012-09-29 12:00:00,0.48,14.62
MAC003394,2012-09-29 12:30:00,0.279,15.83
MAC003394,2012-09-29 13:00:00,0.423,15.83
MAC003394,2012-09-29 13:30:00,0.335,15.12
MAC003394,2012-09-29 14:00:00,0.327,15.12
MAC003394,2012-09-29 14:30:00,0.415,15.59
MAC003394,2012-09-29 15:00:00,0.423,15.59
MAC003394,2012-09-29 15:30:00,0.426,14.64
MAC003394,2012-09-29 16:00:00,0.304,14.64
MAC003394,2012-09-29 16:30:00,0.306,13.63
MAC003394,2012-09-29 17:00:00,0.53,13.63
MAC003394,2012-09-29 17:30:00,1.382,11.85
MAC003394,2012-09-29 18:00:00,1.378,11.85
MAC003394,2012-09-29 18:30:00,1.35,10.13
MAC003394,2012-09-29 19:00:00,1.219,10.13
MAC003394,2012-09-29 19:30:00,1.198,9.92
MAC003394,2012-09-29 20:00:00,1.122,9.92
MAC003394,2012-09-29 20:30:00,0.815,9.26
MAC003394,2012-09-29 21:00:00,0.861,9.26
MAC003394,2012-09-29 21:30:00,1.399,8.71
MAC003394,2012-09-29 22:00:00,0.851,8.71
MAC003394,2012-09-29 22:30:00,0.342,8.17
MAC003394,2012-09-29 23:00:00,0.164,8.17
MAC003394,2012-09-29 23:30:00,0.16,7.67
MAC003394,2012-09-30 00:00:00,0.155,7.67
MAC003394,2012-09-30 00:30:00,0.157,7.49
MAC003394,2012-09-30 01:00:00,0.159,7.49
MAC003394,2012-09-30 01:30:00,0.148,7.04
MAC003394,2012-09-30 02:00:00,0.157,7.04
MAC003394,2012-09-30 02:30:00,0.162,6.55
MAC003394,2012-09-30 03:00:00,0.188,6.55
MAC003394,2012-09-30 03:30:00,0.271,6.42
MAC003394,2012-09-30 04:00:00,0.268,6.42
MAC003394,2012-09-30 04:30:00,0.292,6.9
MAC003394,2012-09-30 05:00:00,0.285,6.9
MAC003394,2012-09-30 05:30:00,0.28,7.86
MAC003394,2012-09-30 06:00:00,0.217,7.86
MAC003394,2012-09-30 06:30:00,0.456,9.14
MAC003394,2012-09-30 07:00:00,0.62,9.14
MAC003394,2012-09-30 07:30:00,0.544,10.89
MAC003394,2012-09-30 08:00:00,0.8,10.89
MAC003394,2012-09-30 08:30:00,0.789,13.0
MAC003394,2012-09-30 09:00:00,0.611,13.0
MAC003394,2012-09-30 09:30:00,0.958,13.77
MAC003394,2012-09-30 10:00:00,0.948,13.77
MAC003394,2012-09-30 10:30:00,0.589,14.82
MAC003394,2012-09-30 11:00:00,0.517,14.82
MAC003394,2012-09-30 11:30:00,0.566,15.64
MAC003394,2012-09-30 12:00:00,0.448,15.64
MAC003400,2012-09-28 12:30:00,0.121,17.07
MAC003400,2012-09-28 13:00:00,0.344,17.07
MAC003400,2012-09-28 13:30:00,0.939,14.55
MAC003400,2012-09-28 14:00:00,0.268,14.55
MAC003400,2012-09-28 14:30:00,0.825,13.43
MAC003400,2012-09-28 15:00:00,0.154,13.43
MAC003400,2012-09-28 15:30:00,0.132,13.77
MAC003400,2012-09-28 16:00:00,0.115,13.77
MAC003400,2012-09-28 16:30:00,0.21,13.32
MAC003400,2012-09-28 17:00:00,0.197,13.32
MAC003400,2012-09-28 17:30:00,0.165,12.99
MAC003400,2012-09-28 18:00:00,0.114,12.99
MAC003400,2012-09-28 18:30:00,0.11,12.52
MAC003400,2012-09-28 19:00:00,0.11,12.52
MAC003400,2012-09-28 19:30:00,0.321,12.43
MAC003400,2012-09-28 20:00:00,0.342,12.43
MAC003400,2012-09-28 20:30:00,0.468,11.94
MAC003400,2012-09-28 21:00:00,0.461,11.94
MAC003400,2012-09-28 21:30:00,0.59,11.45
MAC003400,2012-09-28 22:00:00,0.333,11.45
MAC003400,2012-09-28 22:30:00,0.156,11.01
MAC003400,2012-09-28 23:00:00,0.101,11.01
MAC003400,2012-09-28 23:30:00,0.102,10.51
MAC003400,2012-09-29 00:00:00,0.093,10.51
MAC003400,2012-09-29 00:30:00,0.078,10.59
MAC003400,2012-09-29 01:00:00,0.052,10.59
MAC003400,2012-09-29 01:30:00,0.05,10.36
MAC003400,2012-09-29 02:00:00,0.05,10.36
MAC003400,2012-09-29 02:30:00,0.052,9.86
MAC003400,2012-09-29 03:00:00,0.082,9.86
MAC003400,2012-09-29 03:30:00,0.123,9.32
MAC003400,2012-09-29 04:00:00,0.099,9.32
MAC003400,2012-09-29 04:30:00,0.109,8.78
MAC003400,2012-09-29 05:00:00,0.108,8.78
MAC003400,2012-09-29 05:30:00,0.138,8.74
MAC003400,2012-09-29 06:00:00,0.1,8.74
MAC003400,2012-09-29 06:30:00,0.37,8.97
MAC003400,2012-09-29 07:00:00,0.606,8.97
MAC003400,2012-09-29 07:30:00,0.322,10.57
MAC003400,2012-09-29 08:00:00,0.292,10.57
MAC003400,2012-09-29 08:30:00,0.246,12.1
MAC003400,2012-09-29 09:00:00,0.29,12.1
MAC003400,2012-09-29 09:30:00,0.358,13.46
MAC003400,2012-09-29 10:00:00,0.347,13.46
MAC003400,2012-09-29 10:30:00,0.27,14.44
MAC003400,2012-09-29 11:00:00,0.209,14.44
MAC003400,2012-09-29 11:30:00,0.213,14.62
MAC003400,2012-09-29 12:00:00,0.234,14.62
MAC003400,2012-09-29 12:30:00,0.379,15.83
MAC003400,2012-09-29 13:00:00,0.451,15.83
MAC003400,2012-09-29 13:30:00,0.332,15.12
MAC003400,2012-09-29 14:00:00,0.059,15.12
MAC003400,2012-09-29 14:30:00,0.1,15.59
MAC003400,2012-09-29 15:00:00,0.132,15.59
MAC003400,2012-09-29 15:30:00,0.125,14.64
MAC003400,2012-09-29 16:00:00,0.109,14.64
MAC003400,2012-09-29 16:30:00,0.096,13.63
MAC003400,2012-09-29 17:00:00,0.095,13.63
MAC003400,2012-09-29 17:30:00,0.094,11.85
MAC003400,2012-09-29 18:00:00,0.177,11.85
MAC003400,2012-09-29 18:30:00,0.475,10.13
MAC003400,2012-09-29 19:00:00,0.416,10.13
MAC003400,2012-09-29 19:30:00,0.352,9.92
MAC003400,2012-09-29 20:00:00,0.388,9.92
MAC003400,2012-09-29 20:30:00,0.356,9.26
MAC003400,2012-09-29 21:00:00,0.371,9.26
MAC003400,2012-09-29 21:30:00,0.452,8.71
MAC003400,2012-09-29 22:00:00,0.536,8.71
MAC003400,2012-09-29 22:30:00,0.176,8.17
MAC003400,2012-09-29 23:00:00,0.118,8.17
MAC003400,2012-09-29 23:30:00,0.096,7.67
MAC003400,2012-09-30 00:00:00,0.087,7.67
MAC003400,2012-09-30 00:30:00,0.059,7.49
MAC003400,2012-09-30 01:00:00,0.091,7.49
MAC003400,2012-09-30 01:30:00,0.086,7.04
MAC003400,2012-09-30 02:00:00,0.056,7.04
MAC003400,2012-09-30 02:30:00,0.082,6.55
MAC003400,2012-09-30 03:00:00,0.099,6.55
MAC003400,2012-09-30 03:30:00,0.095,6.42
MAC003400,2012-09-30 04:00:00,0.065,6.42
MAC003400,2012-09-30 04:30:00,0.055,6.9
MAC003400,2012-09-30 05:00:00,0.068,6.9
MAC003400,2012-09-30 05:30:00,0.108,7.86
MAC003400,2012-09-30 06:00:00,0.121,7.86
MAC003400,2012-09-30 06:30:00,0.143,9.14
MAC003400,2012-09-30 07:00:00,0.148,9.14
MAC003400,2012-09-30 07:30:00,0.855,10.89
MAC003400,2012-09-30 08:00:00,0.583,10.89
MAC003400,2012-09-30 08:30:00,0.682,13.0
MAC003400,2012-09-30 09:00:00,0.647,13.0
MAC003400,2012-09-30 09:30:00,0.264,13.77
MAC003400,2012-09-30 10:00:00,0.067,13.77
MAC003400,2012-09-30 10:30:00,0.726,14.82
MAC003400,2012-09-30 11:00:00,0.248,14.82
MAC003400,2012-09-30 11:30:00,0.163,15.64
MAC003400,2012-09-30 12:00:00,0.298,15.64
MAC003400,2012-09-30 12:30:00,0.263,16.46
MAC003400,2012-09-30 13:00:00,0.135,16.46
MAC003400,2012-09-30 13:30:00,0.16,16.39
MAC003400,2012-09-30 14:00:00,0.184,16.39
MAC003422,2012-10-01 12:00:00,0.192,14.24
MAC003422,2012-10-01 12:30:00,0.303,14.63
MAC003422,2012-10-01 13:00:00,0.055,14.63
MAC003422,2012-10-01 13:30:00,0.171,14.86
MAC003422,2012-10-01 14:00:00,0.18,14.86
MAC003422,2012-10-01 14:30:00,0.079,16.03
MAC003422,2012-10-01 15:00:00,0.12,16.03
MAC003422,2012-10-01 15:30:00,0.04,16.24
MAC003422,2012-10-01 16:00:00,0.043,16.24
MAC003422,2012-10-01 16:30:00,0.001,14.88
MAC003422,2012-10-01 17:00:00,0.004,14.88
MAC003422,2012-10-01 17:30:00,0.022,14.08
MAC003422,2012-10-01 18:00:00,1.256,14.08
MAC003422,2012-10-01 18:30:00,0.956,13.61
MAC003422,2012-10-01 19:00:00,0.15,13.61
MAC003422,2012-10-01 19:30:00,0.369,13.52
MAC003422,2012-10-01 20:00:00,0.782,13.52
MAC003422,2012-10-01 20:30:00,0.306,12.94
MAC003422,2012-10-01 21:00:00,0.127,12.94
MAC003422,2012-10-01 21:30:00,0.526,12.37
MAC003422,2012-10-01 22:00:00,0.231,12.37
MAC003422,2012-10-01 22:30:00,0.2,11.88
MAC003422,2012-10-01 23:00:00,0.195,11.88
MAC003422,2012-10-01 23:30:00,0.204,11.78
MAC003422,2012-10-02 00:00:00,0.183,11.78
MAC003422,2012-10-02 00:30:00,0.184,11.37
MAC003422,2012-10-02 01:00:00,0.207,11.37
MAC003422,2012-10-02 01:30:00,0.184,10.89
MAC003422,2012-10-02 02:00:00,0.132,10.89
MAC003422,2012-10-02 02:30:00,0.058,10.87
MAC003422,2012-10-02 03:00:00,0.036,10.87
MAC003422,2012-10-02 03:30:00,0.035,10.94
MAC003422,2012-10-02 04:00:00,0.051,10.94
MAC003422,2012-10-02 04:30:00,0.043,11.48
MAC003422,2012-10-02 05:00:00,0.036,11.48
MAC003422,2012-10-02 05:30:00,0.037,11.85
MAC003422,2012-10-02 06:00:00,0.056,11.85
MAC003422,2012-10-02 06:30:00,0.035,11.97
MAC003422,2012-10-02 07:00:00,0.035,11.97
MAC003422,2012-10-02 07:30:00,1.5779999,13.01
MAC003422,2012-10-02 08:00:00,1.755,13.01
MAC003422,2012-10-02 08:30:00,0.662,13.63
MAC003422,2012-10-02 09:00:00,0.493,13.63
MAC003422,2012-10-02 09:30:00,0.058,14.96
MAC003422,2012-10-02 10:00:00,0.507,14.96
MAC003422,2012-10-02 10:30:00,0.628,15.99
MAC003422,2012-10-02 11:00:00,0.478,15.99
MAC003422,2012-10-02 11:30:00,0.47,16.32
MAC003422,2012-10-02 12:00:00,0.141,16.32
MAC003422,2012-10-02 12:30:00,0.164,16.44
MAC003422,2012-10-02 13:00:00,0.0,16.44
MAC003422,2012-10-02 13:30:00,0.027,16.42
MAC003422,2012-10-02 14:00:00,0.115,16.42
MAC003422,2012-10-02 14:30:00,0.012,16.11
MAC003422,2012-10-02 15:00:00,0.037,16.11
MAC003422,2012-10-02 15:30:00,0.039,15.09
MAC003422,2012-10-02 16:00:00,0.015,15.09
MAC003422,2012-10-02 16:30:00,0.027,14.6
MAC003422,2012-10-02 17:00:00,0.187,14.6
MAC003422,2012-10-02 17:30:00,0.043,14.05
MAC003422,2012-10-02 18:00:00,0.213,14.05
MAC003422,2012-10-02 18:30:00,0.242,13.23
MAC003422,2012-10-02 19:00:00,0.336,13.23
MAC003422,2012-10-02 19:30:00,0.746,13.24
MAC003422,2012-10-02 20:00:00,0.739,13.24
MAC003422,2012-10-02 20:30:00,0.748,13.29
MAC003422,2012-10-02 21:00:00,0.455,13.29
MAC003422,2012-10-02 21:30:00,0.281,13.29
MAC003422,2012-10-02 22:00:00,0.282,13.29
MAC003422,2012-10-02 22:30:00,0.188,13.68
MAC003422,2012-10-02 23:00:00,0.164,13.68
MAC003422,2012-10-02 23:30:00,0.181,14.03
MAC003422,2012-10-03 00:00:00,0.054,14.03
MAC003422,2012-10-03 00:30:00,0.034,13.1
MAC003422,2012-10-03 01:00:00,0.059,13.1
MAC003422,2012-10-03 01:30:00,0.034,12.62
MAC003422,2012-10-03 02:00:00,0.034,12.62
MAC003422,2012-10-03 02:30:00,0.056,12.57
MAC003422,2012-10-03 03:00:00,0.037,12.57
MAC003422,2012-10-03 03:30:00,0.034,12.09
MAC003422,2012-10-03 04:00:00,0.049,12.09
MAC003422,2012-10-03 04:30:00,0.042,11.91
MAC003422,2012-10-03 05:00:00,0.034,11.91
MAC003422,2012-10-03 05:30:00,0.04,11.06
MAC003422,2012-10-03 06:00:00,0.053,11.06
MAC003422,2012-10-03 06:30:00,0.034,11.13
MAC003422,2012-10-03 07:00:00,1.229,11.13
MAC003422,2012-10-03 07:30:00,1.511,12.04
MAC003422,2012-10-03 08:00:00,1.079,12.04
MAC003422,2012-10-03 08:30:00,0.246,12.75
MAC003422,2012-10-03 09:00:00,0.186,12.75
MAC003422,2012-10-03 09:30:00,0.059,14.12
MAC003422,2012-10-03 10:00:00,0.045,14.12
MAC003422,2012-10-03 10:30:00,0.071,12.97
MAC003422,2012-10-03 11:00:00,0.131,12.97
MAC003422,2012-10-03 11:30:00,0.096,13.78
MAC003422,2012-10-03 12:00:00,0.07,13.78
MAC003422,2012-10-03 12:30:00,0.068,14.06
MAC003422,2012-10-03 13:00:00,0.133,14.06
MAC003422,2012-10-03 13:30:00,0.371,14.13
MAC003423,2012-10-01 12:30:00,0.195,14.63
MAC003423,2012-10-01 13:00:00,0.107,14.63
MAC003423,2012-10-01 13:30:00,0.105,14.86
MAC003423,2012-10-01 14:00:00,0.09,14.86
MAC003423,2012-10-01 14:30:00,0.096,16.03
MAC003423,2012-10-01 15:00:00,0.106,16.03
MAC003423,2012-10-01 15:30:00,0.105,16.24
MAC003423,2012-10-01 16:00:00,0.088,16.24
MAC003423,2012-10-01 16:30:00,0.095,14.88
MAC003423,2012-10-01 17:00:00,0.106,14.88
MAC003423,2012-10-01 17:30:00,0.103,14.08
MAC003423,2012-10-01 18:00:00,0.083,14.08
MAC003423,2012-10-01 18:30:00,1.099,13.61
MAC003423,2012-10-01 19:00:00,1.548,13.61
MAC003423,2012-10-01 19:30:00,1.2029999,13.52
MAC003423,2012-10-01 20:00:00,1.289,13.52
MAC003423,2012-10-01 20:30:00,0.588,12.94
MAC003423,2012-10-01 21:00:00,0.541,12.94
MAC003423,2012-10-01 21:30:00,0.527,12.37
MAC003423,2012-10-01 22:00:00,0.49,12.37
MAC003423,2012-10-01 22:30:00,0.289,11.88
MAC003423,2012-10-01 23:00:00,0.194,11.88
MAC003423,2012-10-01 23:30:00,0.191,11.78
MAC003423,2012-10-02 00:00:00,0.186,11.78
MAC003423,2012-10-02 00:30:00,0.172,11.37
MAC003423,2012-10-02 01:00:00,0.176,11.37
MAC003423,2012-10-02 01:30:00,0.186,10.89
MAC003423,2012-10-02 02:00:00,0.164,10.89
MAC003423,2012-10-02 02:30:00,0.11,10.87
MAC003423,2012-10-02 03:00:00,0.101,10.87
MAC003423,2012-10-02 03:30:00,0.082,10.94
MAC003423,2012-10-02 04:00:00,0.105,10.94
MAC003423,2012-10-02 04:30:00,0.106,11.48
MAC003423,2012-10-02 05:00:00,0.154,11.48
MAC003423,2012-10-02 05:30:00,0.128,11.85
MAC003423,2012-10-02 06:00:00,0.248,11.85
MAC003423,2012-10-02 06:30:00,1.234,11.97
MAC003423,2012-10-02 07:00:00,0.635,11.97
MAC003423,2012-10-02 07:30:00,0.212,13.01
MAC003423,2012-10-02 08:00:00,0.103,13.01
MAC003423,2012-10-02 08:30:00,0.13,13.63
MAC003423,2012-10-02 09:00:00,0.096,13.63
MAC003423,2012-10-02 09:30:00,0.089,14.96
MAC003423,2012-10-02 10:00:00,0.104,14.96
MAC003423,2012-10-02 10:30:00,0.104,15.99
MAC003423,2012-10-02 11:00:00,0.099,15.99
MAC003423,2012-10-02 11:30:00,0.08,16.32
MAC003423,2012-10-02 12:00:00,0.102,16.32
MAC003423,2012-10-02 12:30:00,0.105,16.44
MAC003423,2012-10-02 13:00:00,0.099,16.44
MAC003423,2012-10-02 13:30:00,0.079,16.42
MAC003423,2012-10-02 14:00:00,0.104,16.42
MAC003423,2012-10-02 14:30:00,0.105,16.11
MAC003423,2012-10-02 15:00:00,0.1,16.11
MAC003423,2012-10-02 15:30:00,0.077,15.09
MAC003423,2012-10-02 16:00:00,0.103,15.09
MAC003423,2012-10-02 16:30:00,0.103,14.6
MAC003423,2012-10-02 17:00:00,0.1,14.6
MAC003423,2012-10-02 17:30:00,0.076,14.05
MAC003423,2012-10-02 18:00:00,0.1,14.05
MAC003423,2012-10-02 18:30:00,0.117,13.23
MAC003423,2012-10-02 19:00:00,0.199,13.23
MAC003423,2012-10-02 19:30:00,1.659,13.24
MAC003423,2012-10-02 20:00:00,1.003,13.24
MAC003423,2012-10-02 20:30:00,0.914,13.29
MAC003423,2012-10-02 21:00:00,0.774,13.29
MAC003423,2012-10-02 21:30:00,0.641,13.29
MAC003423,2012-10-02 22:00:00,0.604,13.29
MAC003423,2012-10-02 22:30:00,0.222,13.68
MAC003423,2012-10-02 23:00:00,0.196,13.68
MAC003423,2012-10-02 23:30:00,0.175,14.03
MAC003423,2012-10-03 00:00:00,0.172,14.03
MAC003423,2012-10-03 00:30:00,0.171,13.1
MAC003423,2012-10-03 01:00:00,0.171,13.1
MAC003423,2012-10-03 01:30:00,0.17,12.62
MAC003423,2012-10-03 02:00:00,0.15,12.62
MAC003423,2012-10-03 02:30:00,0.108,12.57
MAC003423,2012-10-03 03:00:00,0.11,12.57
MAC003423,2012-10-03 03:30:00,0.095,12.09
MAC003423,2012-10-03 04:00:00,0.09,12.09
MAC003423,2012-10-03 04:30:00,0.108,11.91
MAC003423,2012-10-03 05:00:00,0.156,11.91
MAC003423,2012-10-03 05:30:00,0.173,11.06
MAC003423,2012-10-03 06:00:00,1.005,11.06
MAC003423,2012-10-03 06:30:00,0.862,11.13
MAC003423,2012-10-03 07:00:00,0.515,11.13
MAC003423,2012-10-03 07:30:00,0.229,12.04
MAC003423,2012-10-03 08:00:00,0.126,12.04
MAC003423,2012-10-03 08:30:00,0.082,12.75
MAC003423,2012-10-03 09:00:00,0.101,12.75
MAC003423,2012-10-03 09:30:00,0.103,14.12
MAC003423,2012-10-03 10:00:00,0.102,14.12
MAC003423,2012-10-03 10:30:00,0.082,12.97
MAC003423,2012-10-03 11:00:00,0.098,12.97
MAC003423,2012-10-03 11:30:00,0.104,13.78
MAC003423,2012-10-03 12:00:00,0.103,13.78
MAC003423,2012-10-03 12:30:00,0.078,14.06
MAC003423,2012-10-03 13:00:00,0.099,14.06
MAC003423,2012-10-03 13:30:00,0.104,14.13
MAC003423,2012-10-03 14:00:00,0.1,14.13
MAC003428,2012-10-01 13:30:00,0.364,14.86
MAC003428,2012-10-01 14:00:00,0.303,14.86
MAC003428,2012-10-01 14:30:00,0.303,16.03
MAC003428,2012-10-01 15:00:00,0.278,16.03
MAC003428,2012-10-01 15:30:00,1.197,16.24
MAC003428,2012-10-01 16:00:00,1.201,16.24
MAC003428,2012-10-01 16:30:00,1.035,14.88
MAC003428,2012-10-01 17:00:00,0.655,14.88
MAC003428,2012-10-01 17:30:00,1.186,14.08
MAC003428,2012-10-01 18:00:00,1.219,14.08
MAC003428,2012-10-01 18:30:00,1.775,13.61
MAC003428,2012-10-01 19:00:00,0.853,13.61
MAC003428,2012-10-01 19:30:00,1.281,13.52
MAC003428,2012-10-01 20:00:00,1.124,13.52
MAC003428,2012-10-01 20:30:00,1.513,12.94
MAC003428,2012-10-01 21:00:00,0.896,12.94
MAC003428,2012-10-01 21:30:00,1.434,12.37
MAC003428,2012-10-01 22:00:00,0.702,12.37
MAC003428,2012-10-01 22:30:00,0.1,11.88
MAC003428,2012-10-01 23:00:00,0.071,11.88
MAC003428,2012-10-01 23:30:00,0.094,11.78
MAC003428,2012-10-02 00:00:00,0.056,11.78
MAC003428,2012-10-02 00:30:00,0.069,11.37
MAC003428,2012-10-02 01:00:00,0.071,11.37
MAC003428,2012-10-02 01:30:00,0.057,10.89
MAC003428,2012-10-02 02:00:00,0.081,10.89
MAC003428,2012-10-02 02:30:00,0.058,10.87
MAC003428,2012-10-02 03:00:00,0.066,10.87
MAC003428,2012-10-02 03:30:00,0.074,10.94
MAC003428,2012-10-02 04:00:00,0.055,10.94
MAC003428,2012-10-02 04:30:00,0.076,11.48
MAC003428,2012-10-02 05:00:00,0.084,11.48
MAC003428,2012-10-02 05:30:00,0.057,11.85
MAC003428,2012-10-02 06:00:00,0.136,11.85
MAC003428,2012-10-02 06:30:00,0.086,11.97
MAC003428,2012-10-02 07:00:00,0.074,11.97
MAC003428,2012-10-02 07:30:00,0.36,13.01
MAC003428,2012-10-02 08:00:00,0.522,13.01
MAC003428,2012-10-02 08:30:00,0.519,13.63
MAC003428,2012-10-02 09:00:00,0.523,13.63
MAC003428,2012-10-02 09:30:00,0.475,14.96
MAC003428,2012-10-02 10:00:00,0.462,14.96
MAC003428,2012-10-02 10:30:00,0.459,15.99
MAC003428,2012-10-02 11:00:00,0.664,15.99
MAC003428,2012-10-02 11:30:00,0.56,16.32
MAC003428,2012-10-02 12:00:00,0.669,16.32
MAC003428,2012-10-02 12:30:00,0.175,16.44
MAC003428,2012-10-02 13:00:00,0.466,16.44
MAC003428,2012-10-02 13:30:00,0.585,16.42
MAC003428,2012-10-02 14:00:00,0.485,16.42
MAC003428,2012-10-02 14:30:00,0.557,16.11
MAC003428,2012-10-02 15:00:00,0.523,16.11
MAC003428,2012-10-02 15:30:00,0.543,15.09
MAC003428,2012-10-02 16:00:00,1.533,15.09
MAC003428,2012-10-02 16:30:00,1.087,14.6
MAC003428,2012-10-02 17:00:00,0.732,14.6
MAC003428,2012-10-02 17:30:00,1.0039999,14.05
MAC003428,2012-10-02 18:00:00,2.3069999,14.05
MAC003428,2012-10-02 18:30:00,1.966,13.23
MAC003428,2012-10-02 19:00:00,1.983,13.23
MAC003428,2012-10-02 19:30:00,1.965,13.24
MAC003428,2012-10-02 20:00:00,2.365,13.24
MAC003428,2012-10-02 20:30:00,1.984,13.29
MAC003428,2012-10-02 21:00:00,1.911,13.29
MAC003428,2012-10-02 21:30:00,1.448,13.29
MAC003428,2012-10-02 22:00:00,1.582,13.29
MAC003428,2012-10-02 22:30:00,1.49,13.68
MAC003428,2012-10-02 23:00:00,1.395,13.68
MAC003428,2012-10-02 23:30:00,0.887,14.03
MAC003428,2012-10-03 00:00:00,0.407,14.03
MAC003428,2012-10-03 00:30:00,0.579,13.1
MAC003428,2012-10-03 01:00:00,0.082,13.1
MAC003428,2012-10-03 01:30:00,0.082,12.62
MAC003428,2012-10-03 02:00:00,0.089,12.62
MAC003428,2012-10-03 02:30:00,0.079,12.57
MAC003428,2012-10-03 03:00:00,0.082,12.57
MAC003428,2012-10-03 03:30:00,0.089,12.09
MAC003428,2012-10-03 04:00:00,0.071,12.09
MAC003428,2012-10-03 04:30:00,0.087,11.91
MAC003428,2012-10-03 05:00:00,0.666,11.91
MAC003428,2012-10-03 05:30:00,0.652,11.06
MAC003428,2012-10-03 06:00:00,0.654,11.06
MAC003428,2012-10-03 06:30:00,0.604,11.13
MAC003428,2012-10-03 07:00:00,1.396,11.13
MAC003428,2012-10-03 07:30:00,1.24,12.04
MAC003428,2012-10-03 08:00:00,1.038,12.04
MAC003428,2012-10-03 08:30:00,1.04,12.75
MAC003428,2012-10-03 09:00:00,0.821,12.75
MAC003428,2012-10-03 09:30:00,0.787,14.12
MAC003428,2012-10-03 10:00:00,0.688,14.12
MAC003428,2012-10-03 10:30:00,0.72,12.97
MAC003428,2012-10-03 11:00:00,0.699,12.97
MAC003428,2012-10-03 11:30:00,0.687,13.78
MAC003428,2012-10-03 12:00:00,1.067,13.78
MAC003428,2012-10-03 12:30:00,1.039,14.06
MAC003428,2012-10-03 13:00:00,1.013,14.06
MAC003428,2012-10-03 13:30:00,1.0779999,14.13
MAC003428,2012-10-03 14:00:00,0.897,14.13
MAC003428,2012-10-03 14:30:00,1.034,14.34
MAC003428,2012-10-03 15:00:00,1.091,14.34
MAC003449,2012-10-02 11:30:00,1.852,16.32
MAC003449,2012-10-02 12:00:00,0.756,16.32
MAC003449,2012-10-02 12:30:00,1.614,16.44
MAC003449,2012-10-02 13:00:00,0.667,16.44
MAC003449,2012-10-02 13:30:00,1.779,16.42
MAC003449,2012-10-02 14:00:00,1.697,16.42
MAC003449,2012-10-02 14:30:00,1.688,16.11
MAC003449,2012-10-02 15:00:00,1.774,16.11
MAC003449,2012-10-02 15:30:00,0.73,15.09
MAC003449,2012-10-02 16:00:00,0.923,15.09
MAC003449,2012-10-02 16:30:00,0.799,14.6
MAC003449,2012-10-02 17:00:00,0.869,14.6
MAC003449,2012-10-02 17:30:00,1.9400001,14.05
MAC003449,2012-10-02 18:00:00,1.864,14.05
MAC003449,2012-10-02 18:30:00,3.1440001,13.23
MAC003449,2012-10-02 19:00:00,2.0190001,13.23
MAC003449,2012-10-02 19:30:00,2.493,13.24
MAC003449,2012-10-02 20:00:00,1.8150001,13.24
MAC003449,2012-10-02 20:30:00,2.128,13.29
MAC003449,2012-10-02 21:00:00,1.928,13.29
MAC003449,2012-10-02 21:30:00,1.4119999,13.29
MAC003449,2012-10-02 22:00:00,0.564,13.29
MAC003449,2012-10-02 22:30:00,0.891,13.68
MAC003449,2012-10-02 23:00:00,0.318,13.68
MAC003449,2012-10-02 23:30:00,0.774,14.03
MAC003449,2012-10-03 00:00:00,0.325,14.03
MAC003449,2012-10-03 00:30:00,0.886,13.1
MAC003449,2012-10-03 01:00:00,0.333,13.1
MAC003449,2012-10-03 01:30:00,0.633,12.62
MAC003449,2012-10-03 02:00:00,0.494,12.62
MAC003449,2012-10-03 02:30:00,0.72,12.57
MAC003449,2012-10-03 03:00:00,0.616,12.57
MAC003449,2012-10-03 03:30:00,0.451,12.09
MAC003449,2012-10-03 04:00:00,0.575,12.09
MAC003449,2012-10-03 04:30:00,0.64,11.91
MAC003449,2012-10-03 05:00:00,0.502,11.91
MAC003449,2012-10-03 05:30:00,0.606,11.06
MAC003449,2012-10-03 06:00:00,0.943,11.06
MAC003449,2012-10-03 06:30:00,1.6210001,11.13
MAC003449,2012-10-03 07:00:00,1.928,11.13
MAC003449,2012-10-03 07:30:00,1.7180001,12.04
MAC003449,2012-10-03 08:00:00,1.808,12.04
MAC003449,2012-10-03 08:30:00,1.799,12.75
MAC003449,2012-10-03 09:00:00,1.375,12.75
MAC003449,2012-10-03 09:30:00,1.613,14.12
MAC003449,2012-10-03 10:00:00,1.459,14.12
MAC003449,2012-10-03 10:30:00,1.5140001,12.97
MAC003449,2012-10-03 11:00:00,1.457,12.97
MAC003449,2012-10-03 11:30:00,0.425,13.78
MAC003449,2012-10-03 12:00:00,0.825,13.78
MAC003449,2012-10-03 12:30:00,0.349,14.06
MAC003449,2012-10-03 13:00:00,0.76,14.06
MAC003449,2012-10-03 13:30:00,1.344,14.13
MAC003449,2012-10-03 14:00:00,1.66,14.13
MAC003449,2012-10-03 14:30:00,1.2589999,14.34
MAC003449,2012-10-03 15:00:00,1.564,14.34
MAC003449,2012-10-03 15:30:00,0.459,13.49
MAC003449,2012-10-03 16:00:00,0.824,13.49
MAC003449,2012-10-03 16:30:00,1.219,12.94
MAC003449,2012-10-03 17:00:00,1.031,12.94
MAC003449,2012-10-03 17:30:00,2.415,12.24
MAC003449,2012-10-03 18:00:00,1.529,12.24
MAC003449,2012-10-03 18:30:00,2.55,11.92
MAC003449,2012-10-03 19:00:00,1.635,11.92
MAC003449,2012-10-03 19:30:00,2.0639999,9.52
MAC003449,2012-10-03 20:00:00,1.508,9.52
MAC003449,2012-10-03 20:30:00,1.595,9.35
MAC003449,2012-10-03 21:00:00,1.831,9.35
MAC003449,2012-10-03 21:30:00,1.654,9.44
MAC003449,2012-10-03 22:00:00,0.77,9.44
MAC003449,2012-10-03 22:30:00,0.629,9.42
MAC003449,2012-10-03 23:00:00,1.147,9.42
MAC003449,2012-10-03 23:30:00,0.373,9.72
MAC003449,2012-10-04 00:00:00,0.809,9.72
MAC003449,2012-10-04 00:30:00,0.306,9.13
MAC003449,2012-10-04 01:00:00,0.898,9.13
MAC003449,2012-10-04 01:30:00,0.309,8.21
MAC003449,2012-10-04 02:00:00,0.868,8.21
MAC003449,2012-10-04 02:30:00,0.367,7.86
MAC003449,2012-10-04 03:00:00,0.795,7.86
MAC003449,2012-10-04 03:30:00,0.303,7.54
MAC003449,2012-10-04 04:00:00,0.86,7.54
MAC003449,2012-10-04 04:30:00,0.388,7.49
MAC003449,2012-10-04 05:00:00,0.827,7.49
MAC003449,2012-10-04 05:30:00,0.456,7.19
MAC003449,2012-10-04 06:00:00,1.0190001,7.19
MAC003449,2012-10-04 06:30:00,1.587,7.43
MAC003449,2012-10-04 07:00:00,2.2,7.43
MAC003449,2012-10-04 07:30:00,1.881,8.74
MAC003449,2012-10-04 08:00:00,2.0179999,8.74
MAC003449,2012-10-04 08:30:00,1.614,10.79
MAC003449,2012-10-04 09:00:00,1.61,10.79
MAC003449,2012-10-04 09:30:00,1.529,13.02
MAC003449,2012-10-04 10:00:00,1.413,13.02
MAC003449,2012-10-04 10:30:00,1.4450001,14.53
MAC003449,2012-10-04 11:00:00,1.507,14.53
MAC003449,2012-10-04 11:30:00,0.528,14.64
MAC003449,2012-10-04 12:00:00,0.706,14.64
MAC003449,2012-10-04 12:30:00,0.427,14.46
MAC003449,2012-10-04 13:00:00,0.751,14.46
MAC003463,2012-10-02 14:00:00,0.629,16.42
MAC003463,2012-10-02 14:30:00,0.259,16.11
MAC003463,2012-10-02 15:00:00,0.499,16.11
MAC003463,2012-10-02 15:30:00,0.529,15.09
MAC003463,2012-10-02 16:00:00,1.393,15.09
MAC003463,2012-10-02 16:30:00,0.354,14.6
MAC003463,2012-10-02 17:00:00,0.622,14.6
MAC003463,2012-10-02 17:30:00,0.431,14.05
MAC003463,2012-10-02 18:00:00,0.591,14.05
MAC003463,2012-10-02 18:30:00,0.612,13.23
MAC003463,2012-10-02 19:00:00,0.676,13.23
MAC003463,2012-10-02 19:30:00,0.315,13.24
MAC003463,2012-10-02 20:00:00,0.23,13.24
MAC003463,2012-10-02 20:30:00,0.566,13.29
MAC003463,2012-10-02 21:00:00,0.303,13.29
MAC003463,2012-10-02 21:30:00,0.185,13.29
MAC003463,2012-10-02 22:00:00,0.129,13.29
MAC003463,2012-10-02 22:30:00,0.137,13.68
MAC003463,2012-10-02 23:00:00,0.128,13.68
MAC003463,2012-10-02 23:30:00,0.129,14.03
MAC003463,2012-10-03 00:00:00,0.158,14.03
MAC003463,2012-10-03 00:30:00,0.089,13.1
MAC003463,2012-10-03 01:00:00,0.073,13.1
MAC003463,2012-10-03 01:30:00,0.097,12.62
MAC003463,2012-10-03 02:00:00,0.06,12.62
MAC003463,2012-10-03 02:30:00,0.12,12.57
MAC003463,2012-10-03 03:00:00,0.121,12.57
MAC003463,2012-10-03 03:30:00,0.112,12.09
MAC003463,2012-10-03 04:00:00,0.088,12.09
MAC003463,2012-10-03 04:30:00,0.079,11.91
MAC003463,2012-10-03 05:00:00,0.13,11.91
MAC003463,2012-10-03 05:30:00,0.117,11.06
MAC003463,2012-10-03 06:00:00,0.163,11.06
MAC003463,2012-10-03 06:30:00,0.552,11.13
MAC003463,2012-10-03 07:00:00,0.577,11.13
MAC003463,2012-10-03 07:30:00,0.182,12.04
MAC003463,2012-10-03 08:00:00,0.317,12.04
MAC003463,2012-10-03 08:30:00,0.071,12.75
MAC003463,2012-10-03 09:00:00,0.174,12.75
MAC003463,2012-10-03 09:30:00,0.151,14.12
MAC003463,2012-10-03 10:00:00,0.236,14.12
MAC003463,2012-10-03 10:30:00,0.369,12.97
MAC003463,2012-10-03 11:00:00,0.257,12.97
MAC003463,2012-10-03 11:30:00,0.663,13.78
MAC003463,2012-10-03 12:00:00,0.58,13.78
MAC003463,2012-10-03 12:30:00,0.396,14.06
MAC003463,2012-10-03 13:00:00,0.331,14.06
MAC003463,2012-10-03 13:30:00,0.261,14.13
MAC003463,2012-10-03 14:00:00,0.24,14.13
MAC003463,2012-10-03 14:30:00,0.172,14.34
MAC003463,2012-10-03 15:00:00,0.175,14.34
MAC003463,2012-10-03 15:30:00,0.428,13.49
MAC003463,2012-10-03 16:00:00,0.477,13.49
MAC003463,2012-10-03 16:30:00,0.671,12.94
MAC003463,2012-10-03 17:00:00,0.556,12.94
MAC003463,2012-10-03 17:30:00,0.435,12.24
MAC003463,2012-10-03 18:00:00,0.539,12.24
MAC003463,2012-10-03 18:30:00,0.396,11.92
MAC003463,2012-10-03 19:00:00,0.67,11.92
MAC003463,2012-10-03 19:30:00,0.509,9.52
MAC003463,2012-10-03 20:00:00,0.366,9.52
MAC003463,2012-10-03 20:30:00,0.223,9.35
MAC003463,2012-10-03 21:00:00,0.22,9.35
MAC003463,2012-10-03 21:30:00,0.195,9.44
MAC003463,2012-10-03 22:00:00,0.138,9.44
MAC003463,2012-10-03 22:30:00,0.136,9.42
MAC003463,2012-10-03 23:00:00,0.055,9.42
MAC003463,2012-10-03 23:30:00,0.096,9.72
MAC003463,2012-10-04 00:00:00,0.155,9.72
MAC003463,2012-10-04 00:30:00,0.087,9.13
MAC003463,2012-10-04 01:00:00,0.09,9.13
MAC003463,2012-10-04 01:30:00,0.111,8.21
MAC003463,2012-10-04 02:00:00,0.045,8.21
MAC003463,2012-10-04 02:30:00,0.081,7.86
MAC003463,2012-10-04 03:00:00,0.147,7.86
MAC003463,2012-10-04 03:30:00,0.08,7.54
MAC003463,2012-10-04 04:00:00,0.1,7.54
MAC003463,2012-10-04 04:30:00,0.102,7.49
MAC003463,2012-10-04 05:00:00,0.084,7.49
MAC003463,2012-10-04 05:30:00,0.131,7.19
MAC003463,2012-10-04 06:00:00,0.202,7.19
MAC003463,2012-10-04 06:30:00,0.329,7.43
MAC003463,2012-10-04 07:00:00,0.578,7.43
MAC003463,2012-10-04 07:30:00,0.205,8.74
MAC003463,2012-10-04 08:00:00,0.158,8.74
MAC003463,2012-10-04 08:30:00,0.217,10.79
MAC003463,2012-10-04 09:00:00,0.221,10.79
MAC003463,2012-10-04 09:30:00,0.23,13.02
MAC003463,2012-10-04 10:00:00,0.296,13.02
MAC003463,2012-10-04 10:30:00,0.436,14.53
MAC003463,2012-10-04 11:00:00,0.294,14.53
MAC003463,2012-10-04 11:30:00,0.194,14.64
MAC003463,2012-10-04 12:00:00,0.287,14.64
MAC003463,2012-10-04 12:30:00,0.301,14.46
MAC003463,2012-10-04 13:00:00,0.278,14.46
MAC003463,2012-10-04 13:30:00,0.444,14.93
MAC003463,2012-10-04 14:00:00,0.581,14.93
MAC003463,2012-10-04 14:30:00,0.357,14.84
MAC003463,2012-10-04 15:00:00,0.199,14.84
MAC003463,2012-10-04 15:30:00,0.28,14.99
MAC003482,2012-10-03 13:00:00,0.321,14.06
MAC003482,2012-10-03 13:30:00,0.219,14.13
MAC003482,2012-10-03 14:00:00,0.184,14.13
MAC003482,2012-10-03 14:30:00,0.179,14.34
MAC003482,2012-10-03 15:00:00,0.147,14.34
MAC003482,2012-10-03 15:30:00,0.766,13.49
MAC003482,2012-10-03 16:00:00,0.304,13.49
MAC003482,2012-10-03 16:30:00,0.265,12.94
MAC003482,2012-10-03 17:00:00,0.281,12.94
MAC003482,2012-10-03 17:30:00,0.347,12.24
MAC003482,2012-10-03 18:00:00,1.627,12.24
MAC003482,2012-10-03 18:30:00,1.226,11.92
MAC003482,2012-10-03 19:00:00,0.406,11.92
MAC003482,2012-10-03 19:30:00,0.28,9.52
MAC003482,2012-10-03 20:00:00,0.254,9.52
MAC003482,2012-10-03 20:30:00,0.292,9.35
MAC003482,2012-10-03 21:00:00,0.438,9.35
MAC003482,2012-10-03 21:30:00,0.476,9.44
MAC003482,2012-10-03 22:00:00,0.429,9.44
MAC003482,2012-10-03 22:30:00,0.148,9.42
MAC003482,2012-10-03 23:00:00,0.109,9.42
MAC003482,2012-10-03 23:30:00,0.132,9.72
MAC003482,2012-10-04 00:00:00,0.111,9.72
MAC003482,2012-10-04 00:30:00,0.128,9.13
MAC003482,2012-10-04 01:00:00,0.109,9.13
MAC003482,2012-10-04 01:30:00,0.123,8.21
MAC003482,2012-10-04 02:00:00,0.114,8.21
MAC003482,2012-10-04 02:30:00,0.121,7.86
MAC003482,2012-10-04 03:00:00,0.115,7.86
MAC003482,2012-10-04 03:30:00,0.112,7.54
MAC003482,2012-10-04 04:00:00,0.118,7.54
MAC003482,2012-10-04 04:30:00,0.106,7.49
MAC003482,2012-10-04 05:00:00,0.167,7.49
MAC003482,2012-10-04 05:30:00,0.152,7.19
MAC003482,2012-10-04 06:00:00,0.196,7.19
MAC003482,2012-10-04 06:30:00,0.321,7.43
MAC003482,2012-10-04 07:00:00,0.243,7.43
MAC003482,2012-10-04 07:30:00,0.569,8.74
MAC003482,2012-10-04 08:00:00,0.141,8.74
MAC003482,2012-10-04 08:30:00,0.18,10.79
MAC003482,2012-10-04 09:00:00,0.165,10.79
MAC003482,2012-10-04 09:30:00,0.139,13.02
MAC003482,2012-10-04 10:00:00,0.119,13.02
MAC003482,2012-10-04 10:30:00,0.133,14.53
MAC003482,2012-10-04 11:00:00,0.117,14.53
MAC003482,2012-10-04 11:30:00,0.121,14.64
MAC003482,2012-10-04 12:00:00,0.126,14.64
MAC003482,2012-10-04 12:30:00,0.108,14.46
MAC003482,2012-10-04 13:00:00,0.131,14.46
MAC003482,2012-10-04 13:30:00,0.103,14.93
MAC003482,2012-10-04 14:00:00,0.132,14.93
MAC003482,2012-10-04 14:30:00,0.101,14.84
MAC003482,2012-10-04 15:00:00,0.13,14.84
MAC003482,2012-10-04 15:30:00,0.101,14.99
MAC003482,2012-10-04 16:00:00,0.128,14.99
MAC003482,2012-10-04 16:30:00,0.102,13.99
MAC003482,2012-10-04 17:00:00,0.128,13.99
MAC003482,2012-10-04 17:30:00,0.269,13.41
MAC003482,2012-10-04 18:00:00,0.279,13.41
MAC003482,2012-10-04 18:30:00,0.31,12.82
MAC003482,2012-10-04 19:00:00,0.176,12.82
MAC003482,2012-10-04 19:30:00,0.337,12.32
MAC003482,2012-10-04 20:00:00,0.371,12.32
MAC003482,2012-10-04 20:30:00,0.283,12.43
MAC003482,2012-10-04 21:00:00,0.197,12.43
MAC003482,2012-10-04 21:30:00,0.292,12.38
MAC003482,2012-10-04 22:00:00,0.335,12.38
MAC003482,2012-10-04 22:30:00,0.349,11.51
MAC003482,2012-10-04 23:00:00,0.316,11.51
MAC003482,2012-10-04 23:30:00,0.13,10.98
MAC003482,2012-10-05 00:00:00,0.117,10.98
MAC003482,2012-10-05 00:30:00,0.125,11.02
MAC003482,2012-10-05 01:00:00,0.109,11.02
MAC003482,2012-10-05 01:30:00,0.126,11.34
MAC003482,2012-10-05 02:00:00,0.105,11.34
MAC003482,2012-10-05 02:30:00,0.133,13.4
MAC003482,2012-10-05 03:00:00,0.106,13.4
MAC003482,2012-10-05 03:30:00,0.129,15.02
MAC003482,2012-10-05 04:00:00,0.108,15.02
MAC003482,2012-10-05 04:30:00,0.123,15.6
MAC003482,2012-10-05 05:00:00,0.154,15.6
MAC003482,2012-10-05 05:30:00,0.162,13.33
MAC003482,2012-10-05 06:00:00,0.137,13.33
MAC003482,2012-10-05 06:30:00,0.145,11.47
MAC003482,2012-10-05 07:00:00,0.304,11.47
MAC003482,2012-10-05 07:30:00,0.235,12.06
MAC003482,2012-10-05 08:00:00,0.494,12.06
MAC003482,2012-10-05 08:30:00,0.351,12.74
MAC003482,2012-10-05 09:00:00,0.303,12.74
MAC003482,2012-10-05 09:30:00,0.276,13.8
MAC003482,2012-10-05 10:00:00,0.201,13.8
MAC003482,2012-10-05 10:30:00,0.193,15.49
MAC003482,2012-10-05 11:00:00,0.171,15.49
MAC003482,2012-10-05 11:30:00,0.194,15.17
MAC003482,2012-10-05 12:00:00,0.168,15.17
MAC003482,2012-10-05 12:30:00,0.192,15.09
MAC003482,2012-10-05 13:00:00,0.164,15.09
MAC003482,2012-10-05 13:30:00,0.191,14.56
MAC003482,2012-10-05 14:00:00,0.166,14.56
MAC003482,2012-10-05 14:30:00,0.188,14.02
MAC003553,2012-10-08 12:30:00,0.466,12.13
MAC003553,2012-10-08 13:00:00,0.488,12.13
MAC003553,2012-10-08 13:30:00,0.546,12.22
MAC003553,2012-10-08 14:00:00,0.538,12.22
MAC003553,2012-10-08 14:30:00,0.487,12.13
MAC003553,2012-10-08 15:00:00,0.447,12.13
MAC003553,2012-10-08 15:30:00,0.63,12.08
MAC003553,2012-10-08 16:00:00,0.594,12.08
MAC003553,2012-10-08 16:30:00,0.579,12.04
MAC003553,2012-10-08 17:00:00,0.837,12.04
MAC003553,2012-10-08 17:30:00,0.927,12.04
MAC003553,2012-10-08 18:00:00,1.317,12.04
MAC003553,2012-10-08 18:30:00,1.182,12.06
MAC003553,2012-10-08 19:00:00,1.2690001,12.06
MAC003553,2012-10-08 19:30:00,0.762,12.15
MAC003553,2012-10-08 20:00:00,0.798,12.15
MAC003553,2012-10-08 20:30:00,0.646,12.02
MAC003553,2012-10-08 21:00:00,0.492,12.02
MAC003553,2012-10-08 21:30:00,0.484,11.99
MAC003553,2012-10-08 22:00:00,0.392,11.99
MAC003553,2012-10-08 22:30:00,0.426,11.61
MAC003553,2012-10-08 23:00:00,0.411,11.61
MAC003553,2012-10-08 23:30:00,0.425,11.9
MAC003553,2012-10-09 00:00:00,0.453,11.9
MAC003553,2012-10-09 00:30:00,0.417,11.86
MAC003553,2012-10-09 01:00:00,0.402,11.86
MAC003553,2012-10-09 01:30:00,0.404,11.62
MAC003553,2012-10-09 02:00:00,0.426,11.62
MAC003553,2012-10-09 02:30:00,0.392,10.62
MAC003553,2012-10-09 03:00:00,0.402,10.62
MAC003553,2012-10-09 03:30:00,0.474,9.71
MAC003553,2012-10-09 04:00:00,0.434,9.71
MAC003553,2012-10-09 04:30:00,0.418,9.29
MAC003553,2012-10-09 05:00:00,0.431,9.29
MAC003553,2012-10-09 05:30:00,0.748,9.16
MAC003553,2012-10-09 06:00:00,0.52,9.16
MAC003553,2012-10-09 06:30:00,0.5,9.07
MAC003553,2012-10-09 07:00:00,0.543,9.07
MAC003553,2012-10-09 07:30:00,0.588,9.74
MAC003553,2012-10-09 08:00:00,0.482,9.74
MAC003553,2012-10-09 08:30:00,0.489,10.59
MAC003553,2012-10-09 09:00:00,0.615,10.59
MAC003553,2012-10-09 09:30:00,0.515,12.34
MAC003553,2012-10-09 10:00:00,0.48,12.34
MAC003553,2012-10-09 10:30:00,0.641,12.51
MAC003553,2012-10-09 11:00:00,1.248,12.51
MAC003553,2012-10-09 11:30:00,0.688,13.11
MAC003553,2012-10-09 12:00:00,1.589,13.11
MAC003553,2012-10-09 12:30:00,0.424,14.23
MAC003553,2012-10-09 13:00:00,0.401,14.23
MAC003553,2012-10-09 13:30:00,0.361,13.48
MAC003553,2012-10-09 14:00:00,0.457,13.48
MAC003553,2012-10-09 14:30:00,0.537,13.34
MAC003553,2012-10-09 15:00:00,0.644,13.34
MAC003553,2012-10-09 15:30:00,0.996,12.86
MAC003553,2012-10-09 16:00:00,0.915,12.86
MAC003553,2012-10-09 16:30:00,0.818,12.34
MAC003553,2012-10-09 17:00:00,0.884,12.34
MAC003553,2012-10-09 17:30:00,0.949,11.77
MAC003553,2012-10-09 18:00:00,1.225,11.77
MAC003553,2012-10-09 18:30:00,1.427,11.19
MAC003553,2012-10-09 19:00:00,1.694,11.19
MAC003553,2012-10-09 19:30:00,2.0190001,10.82
MAC003553,2012-10-09 20:00:00,1.439,10.82
MAC003553,2012-10-09 20:30:00,1.211,10.95
MAC003553,2012-10-09 21:00:00,1.184,10.95
MAC003553,2012-10-09 21:30:00,1.319,10.52
MAC003553,2012-10-09 22:00:00,1.155,10.52
MAC003553,2012-10-09 22:30:00,1.291,10.02
MAC003553,2012-10-09 23:00:00,1.0190001,10.02
MAC003553,2012-10-09 23:30:00,1.2309999,9.56
MAC003553,2012-10-10 00:00:00,0.533,9.56
MAC003553,2012-10-10 00:30:00,0.479,9.42
MAC003553,2012-10-10 01:00:00,0.895,9.42
MAC003553,2012-10-10 01:30:00,0.338,9.72
MAC003553,2012-10-10 02:00:00,0.323,9.72
MAC003553,2012-10-10 02:30:00,0.304,9.22
MAC003553,2012-10-10 03:00:00,0.316,9.22
MAC003553,2012-10-10 03:30:00,0.336,8.72
MAC003553,2012-10-10 04:00:00,0.34,8.72
MAC003553,2012-10-10 04:30:00,0.335,7.88
MAC003553,2012-10-10 05:00:00,0.4,7.88
MAC003553,2012-10-10 05:30:00,0.342,7.04
MAC003553,2012-10-10 06:00:00,0.513,7.04
MAC003553,2012-10-10 06:30:00,0.42,7.67
MAC003553,2012-10-10 07:00:00,0.438,7.67
MAC003553,2012-10-10 07:30:00,0.412,9.1
MAC003553,2012-10-10 08:00:00,0.49,9.1
MAC003553,2012-10-10 08:30:00,0.598,10.35
MAC003553,2012-10-10 09:00:00,0.458,10.35
MAC003553,2012-10-10 09:30:00,0.578,12.71
MAC003553,2012-10-10 10:00:00,0.591,12.71
MAC003553,2012-10-10 10:30:00,0.594,13.81
MAC003553,2012-10-10 11:00:00,0.469,13.81
MAC003553,2012-10-10 11:30:00,0.404,13.58
MAC003553,2012-10-10 12:00:00,0.711,13.58
MAC003553,2012-10-10 12:30:00,0.457,14.13
MAC003553,2012-10-10 13:00:00,0.482,14.13
MAC003553,2012-10-10 13:30:00,0.406,14.12
MAC003553,2012-10-10 14:00:00,0.338,14.12
MAC003557,2012-10-09 08:00:00,0.622,9.74
MAC003557,2012-10-09 08:30:00,0.14,10.59
MAC003557,2012-10-09 09:00:00,0.067,10.59
MAC003557,2012-10-09 09:30:00,0.093,12.34
MAC003557,2012-10-09 10:00:00,0.125,12.34
MAC003557,2012-10-09 10:30:00,0.084,12.51
MAC003557,2012-10-09 11:00:00,0.168,12.51
MAC003557,2012-10-09 11:30:00,0.079,13.11
MAC003557,2012-10-09 12:00:00,0.08,13.11
MAC003557,2012-10-09 12:30:00,0.257,14.23
MAC003557,2012-10-09 13:00:00,0.121,14.23
MAC003557,2012-10-09 13:30:00,0.077,13.48
MAC003557,2012-10-09 14:00:00,0.951,13.48
MAC003557,2012-10-09 14:30:00,0.281,13.34
MAC003557,2012-10-09 15:00:00,0.066,13.34
MAC003557,2012-10-09 15:30:00,0.095,12.86
MAC003557,2012-10-09 16:00:00,0.39,12.86
MAC003557,2012-10-09 16:30:00,0.129,12.34
MAC003557,2012-10-09 17:00:00,0.162,12.34
MAC003557,2012-10-09 17:30:00,0.238,11.77
MAC003557,2012-10-09 18:00:00,0.861,11.77
MAC003557,2012-10-09 18:30:00,1.085,11.19
MAC003557,2012-10-09 19:00:00,1.0,11.19
MAC003557,2012-10-09 19:30:00,0.556,10.82
MAC003557,2012-10-09 20:00:00,0.448,10.82
MAC003557,2012-10-09 20:30:00,0.441,10.95
MAC003557,2012-10-09 21:00:00,0.318,10.95
MAC003557,2012-10-09 21:30:00,0.177,10.52
MAC003557,2012-10-09 22:00:00,0.198,10.52
MAC003557,2012-10-09 22:30:00,0.278,10.02
MAC003557,2012-10-09 23:00:00,0.124,10.02
MAC003557,2012-10-09 23:30:00,0.065,9.56
MAC003557,2012-10-10 00:00:00,0.066,9.56
MAC003557,2012-10-10 00:30:00,0.042,9.42
MAC003557,2012-10-10 01:00:00,0.079,9.42
MAC003557,2012-10-10 01:30:00,0.055,9.72
MAC003557,2012-10-10 02:00:00,0.05,9.72
MAC003557,2012-10-10 02:30:00,0.072,9.22
MAC003557,2012-10-10 03:00:00,0.055,9.22
MAC003557,2012-10-10 03:30:00,0.066,8.72
MAC003557,2012-10-10 04:00:00,0.046,8.72
MAC003557,2012-10-10 04:30:00,0.074,7.88
MAC003557,2012-10-10 05:00:00,0.073,7.88
MAC003557,2012-10-10 05:30:00,0.085,7.04
MAC003557,2012-10-10 06:00:00,0.133,7.04
MAC003557,2012-10-10 06:30:00,0.092,7.67
MAC003557,2012-10-10 07:00:00,0.258,7.67
MAC003557,2012-10-10 07:30:00,0.242,9.1
MAC003557,2012-10-10 08:00:00,0.128,9.1
MAC003557,2012-10-10 08:30:00,0.073,10.35
MAC003557,2012-10-10 09:00:00,0.157,10.35
MAC003557,2012-10-10 09:30:00,0.092,12.71
MAC003557,2012-10-10 10:00:00,0.184,12.71
MAC003557,2012-10-10 10:30:00,0.106,13.81
MAC003557,2012-10-10 11:00:00,0.181,13.81
MAC003557,2012-10-10 11:30:00,0.243,13.58
MAC003557,2012-10-10 12:00:00,0.18,13.58
MAC003557,2012-10-10 12:30:00,0.092,14.13
MAC003557,2012-10-10 13:00:00,0.088,14.13
MAC003557,2012-10-10 13:30:00,0.088,14.12
MAC003557,2012-10-10 14:00:00,0.058,14.12
MAC003557,2012-10-10 14:30:00,0.061,13.63
MAC003557,2012-10-10 15:00:00,0.075,13.63
MAC003557,2012-10-10 15:30:00,0.17,13.47
MAC003557,2012-10-10 16:00:00,0.19,13.47
MAC003557,2012-10-10 16:30:00,0.235,12.76
MAC003557,2012-10-10 17:00:00,0.399,12.76
MAC003557,2012-10-10 17:30:00,0.151,12.13
MAC003557,2012-10-10 18:00:00,0.123,12.13
MAC003557,2012-10-10 18:30:00,0.12,11.02
MAC003557,2012-10-10 19:00:00,0.339,11.02
MAC003557,2012-10-10 19:30:00,0.791,10.1
MAC003557,2012-10-10 20:00:00,0.771,10.1
MAC003557,2012-10-10 20:30:00,0.281,10.0
MAC003557,2012-10-10 21:00:00,0.253,10.0
MAC003557,2012-10-10 21:30:00,0.164,10.18
MAC003557,2012-10-10 22:00:00,0.202,10.18
MAC003557,2012-10-10 22:30:00,0.103,10.05
MAC003557,2012-10-10 23:00:00,0.058,10.05
MAC003557,2012-10-10 23:30:00,0.071,9.63
MAC003557,2012-10-11 00:00:00,0.055,9.63
MAC003557,2012-10-11 00:30:00,0.058,9.99
MAC003557,2012-10-11 01:00:00,0.058,9.99
MAC003557,2012-10-11 01:30:00,0.058,9.92
MAC003557,2012-10-11 02:00:00,0.057,9.92
MAC003557,2012-10-11 02:30:00,0.067,9.61
MAC003557,2012-10-11 03:00:00,0.065,9.61
MAC003557,2012-10-11 03:30:00,0.053,9.93
MAC003557,2012-10-11 04:00:00,0.063,9.93
MAC003557,2012-10-11 04:30:00,0.05,9.15
MAC003557,2012-10-11 05:00:00,0.09,9.15
MAC003557,2012-10-11 05:30:00,0.121,9.19
MAC003557,2012-10-11 06:00:00,0.095,9.19
MAC003557,2012-10-11 06:30:00,0.122,9.83
MAC003557,2012-10-11 07:00:00,0.5,9.83
MAC003557,2012-10-11 07:30:00,0.3,10.83
MAC003557,2012-10-11 08:00:00,0.294,10.83
MAC003557,2012-10-11 08:30:00,0.097,11.72
MAC003557,2012-10-11 09:00:00,0.046,11.72
MAC003557,2012-10-11 09:30:00,0.064,12.28
MAC003566,2012-10-09 10:00:00,0.602,12.34
MAC003566,2012-10-09 10:30:00,0.452,12.51
MAC003566,2012-10-09 11:00:00,0.497,12.51
MAC003566,2012-10-09 11:30:00,0.534,13.11
MAC003566,2012-10-09 12:00:00,0.573,13.11
MAC003566,2012-10-09 12:30:00,0.54,14.23
MAC003566,2012-10-09 13:00:00,0.502,14.23
MAC003566,2012-10-09 13:30:00,0.759,13.48
MAC003566,2012-10-09 14:00:00,0.459,13.48
MAC003566,2012-10-09 14:30:00,0.569,13.34
MAC003566,2012-10-09 15:00:00,0.465,13.34
MAC003566,2012-10-09 15:30:00,0.528,12.86
MAC003566,2012-10-09 16:00:00,0.759,12.86
MAC003566,2012-10-09 16:30:00,0.925,12.34
MAC003566,2012-10-09 17:00:00,1.133,12.34
MAC003566,2012-10-09 17:30:00,0.828,11.77
MAC003566,2012-10-09 18:00:00,1.215,11.77
MAC003566,2012-10-09 18:30:00,0.863,11.19
MAC003566,2012-10-09 19:00:00,0.864,11.19
MAC003566,2012-10-09 19:30:00,0.792,10.82
MAC003566,2012-10-09 20:00:00,0.9,10.82
MAC003566,2012-10-09 20:30:00,0.928,10.95
MAC003566,2012-10-09 21:00:00,0.736,10.95
MAC003566,2012-10-09 21:30:00,0.644,10.52
MAC003566,2012-10-09 22:00:00,0.362,10.52
MAC003566,2012-10-09 22:30:00,0.529,10.02
MAC003566,2012-10-09 23:00:00,0.466,10.02
MAC003566,2012-10-09 23:30:00,0.516,9.56
MAC003566,2012-10-10 00:00:00,0.346,9.56
MAC003566,2012-10-10 00:30:00,0.503,9.42
MAC003566,2012-10-10 01:00:00,0.441,9.42
MAC003566,2012-10-10 01:30:00,0.513,9.72
MAC003566,2012-10-10 02:00:00,0.541,9.72
MAC003566,2012-10-10 02:30:00,0.566,9.22
MAC003566,2012-10-10 03:00:00,0.541,9.22
MAC003566,2012-10-10 03:30:00,0.507,8.72
MAC003566,2012-10-10 04:00:00,0.48,8.72
MAC003566,2012-10-10 04:30:00,0.519,7.88
MAC003566,2012-10-10 05:00:00,0.502,7.88
MAC003566,2012-10-10 05:30:00,0.618,7.04
MAC003566,2012-10-10 06:00:00,0.563,7.04
MAC003566,2012-10-10 06:30:00,0.693,7.67
MAC003566,2012-10-10 07:00:00,0.765,7.67
MAC003566,2012-10-10 07:30:00,1.113,9.1
MAC003566,2012-10-10 08:00:00,0.711,9.1
MAC003566,2012-10-10 08:30:00,1.341,10.35
MAC003566,2012-10-10 09:00:00,0.442,10.35
MAC003566,2012-10-10 09:30:00,0.449,12.71
MAC003566,2012-10-10 10:00:00,0.463,12.71
MAC003566,2012-10-10 10:30:00,0.474,13.81
MAC003566,2012-10-10 11:00:00,0.473,13.81
MAC003566,2012-10-10 11:30:00,0.454,13.58
MAC003566,2012-10-10 12:00:00,0.535,13.58
MAC003566,2012-10-10 12:30:00,0.514,14.13
MAC003566,2012-10-10 13:00:00,0.62,14.13
MAC003566,2012-10-10 13:30:00,0.492,14.12
MAC003566,2012-10-10 14:00:00,0.341,14.12
MAC003566,2012-10-10 14:30:00,0.5,13.63
MAC003566,2012-10-10 15:00:00,0.535,13.63
MAC003566,2012-10-10 15:30:00,0.517,13.47
MAC003566,2012-10-10 16:00:00,0.686,13.47
MAC003566,2012-10-10 16:30:00,1.3099999,12.76
MAC003566,2012-10-10 17:00:00,0.942,12.76
MAC003566,2012-10-10 17:30:00,0.925,12.13
MAC003566,2012-10-10 18:00:00,1.284,12.13
MAC003566,2012-10-10 18:30:00,1.1289999,11.02
MAC003566,2012-10-10 19:00:00,1.091,11.02
MAC003566,2012-10-10 19:30:00,1.1849999,10.1
MAC003566,2012-10-10 20:00:00,1.12,10.1
MAC003566,2012-10-10 20:30:00,0.966,10.0
MAC003566,2012-10-10 21:00:00,0.879,10.0
MAC003566,2012-10-10 21:30:00,0.715,10.18
MAC003566,2012-10-10 22:00:00,0.532,10.18
MAC003566,2012-10-10 22:30:00,0.51,10.05
MAC003566,2012-10-10 23:00:00,0.373,10.05
MAC003566,2012-10-10 23:30:00,0.493,9.63
MAC003566,2012-10-11 00:00:00,0.529,9.63
MAC003566,2012-10-11 00:30:00,0.473,9.99
MAC003566,2012-10-11 01:00:00,0.542,9.99
MAC003566,2012-10-11 01:30:00,0.51,9.92
MAC003566,2012-10-11 02:00:00,0.549,9.92
MAC003566,2012-10-11 02:30:00,0.49,9.61
MAC003566,2012-10-11 03:00:00,0.503,9.61
MAC003566,2012-10-11 03:30:00,0.517,9.93
MAC003566,2012-10-11 04:00:00,0.528,9.93
MAC003566,2012-10-11 04:30:00,0.531,9.15
MAC003566,2012-10-11 05:00:00,0.453,9.15
MAC003566,2012-10-11 05:30:00,0.525,9.19
MAC003566,2012-10-11 06:00:00,0.529,9.19
MAC003566,2012-10-11 06:30:00,0.675,9.83
MAC003566,2012-10-11 07:00:00,0.972,9.83
MAC003566,2012-10-11 07:30:00,1.23,10.83
MAC003566,2012-10-11 08:00:00,0.898,10.83
MAC003566,2012-10-11 08:30:00,1.794,11.72
MAC003566,2012-10-11 09:00:00,1.0930001,11.72
MAC003566,2012-10-11 09:30:00,1.444,12.28
MAC003566,2012-10-11 10:00:00,0.753,12.28
MAC003566,2012-10-11 10:30:00,0.693,12.74
MAC003566,2012-10-11 11:00:00,0.668,12.74
MAC003566,2012-10-11 11:30:00,0.549,13.31
MAC003579,2012-10-09 13:00:00,0.219,14.23
MAC003579,2012-10-09 13:30:00,0.262,13.48
MAC003579,2012-10-09 14:00:00,0.248,13.48
MAC003579,2012-10-09 14:30:00,0.268,13.34
MAC003579,2012-10-09 15:00:00,0.22,13.34
MAC003579,2012-10-09 15:30:00,0.239,12.86
MAC003579,2012-10-09 16:00:00,0.248,12.86
MAC003579,2012-10-09 16:30:00,0.259,12.34
MAC003579,2012-10-09 17:00:00,0.252,12.34
MAC003579,2012-10-09 17:30:00,0.266,11.77
MAC003579,2012-10-09 18:00:00,0.564,11.77
MAC003579,2012-10-09 18:30:00,0.369,11.19
MAC003579,2012-10-09 19:00:00,0.436,11.19
MAC003579,2012-10-09 19:30:00,0.266,10.82
MAC003579,2012-10-09 20:00:00,0.303,10.82
MAC003579,2012-10-09 20:30:00,0.342,10.95
MAC003579,2012-10-09 21:00:00,0.733,10.95
MAC003579,2012-10-09 21:30:00,0.585,10.52
MAC003579,2012-10-09 22:00:00,0.213,10.52
MAC003579,2012-10-09 22:30:00,0.168,10.02
MAC003579,2012-10-09 23:00:00,0.17,10.02
MAC003579,2012-10-09 23:30:00,0.205,9.56
MAC003579,2012-10-10 00:00:00,0.168,9.56
MAC003579,2012-10-10 00:30:00,0.125,9.42
MAC003579,2012-10-10 01:00:00,0.145,9.42
MAC003579,2012-10-10 01:30:00,0.161,9.72
MAC003579,2012-10-10 02:00:00,0.128,9.72
MAC003579,2012-10-10 02:30:00,0.123,9.22
MAC003579,2012-10-10 03:00:00,0.179,9.22
MAC003579,2012-10-10 03:30:00,0.177,8.72
MAC003579,2012-10-10 04:00:00,0.18,8.72
MAC003579,2012-10-10 04:30:00,0.267,7.88
MAC003579,2012-10-10 05:00:00,0.276,7.88
MAC003579,2012-10-10 05:30:00,0.375,7.04
MAC003579,2012-10-10 06:00:00,0.216,7.04
MAC003579,2012-10-10 06:30:00,0.236,7.67
MAC003579,2012-10-10 07:00:00,0.179,7.67
MAC003579,2012-10-10 07:30:00,0.142,9.1
MAC003579,2012-10-10 08:00:00,0.203,9.1
MAC003579,2012-10-10 08:30:00,0.205,10.35
MAC003579,2012-10-10 09:00:00,0.129,10.35
MAC003579,2012-10-10 09:30:00,0.222,12.71
MAC003579,2012-10-10 10:00:00,0.253,12.71
MAC003579,2012-10-10 10:30:00,0.196,13.81
MAC003579,2012-10-10 11:00:00,0.251,13.81
MAC003579,2012-10-10 11:30:00,0.25,13.58
MAC003579,2012-10-10 12:00:00,0.237,13.58
MAC003579,2012-10-10 12:30:00,0.188,14.13
MAC003579,2012-10-10 13:00:00,0.208,14.13
MAC003579,2012-10-10 13:30:00,0.221,14.12
MAC003579,2012-10-10 14:00:00,0.182,14.12
MAC003579,2012-10-10 14:30:00,0.176,13.63
MAC003579,2012-10-10 15:00:00,0.167,13.63
MAC003579,2012-10-10 15:30:00,0.182,13.47
MAC003579,2012-10-10 16:00:00,0.193,13.47
MAC003579,2012-10-10 16:30:00,0.218,12.76
MAC003579,2012-10-10 17:00:00,0.201,12.76
MAC003579,2012-10-10 17:30:00,0.165,12.13
MAC003579,2012-10-10 18:00:00,0.178,12.13
MAC003579,2012-10-10 18:30:00,0.16,11.02
MAC003579,2012-10-10 19:00:00,0.133,11.02
MAC003579,2012-10-10 19:30:00,0.153,10.1
MAC003579,2012-10-10 20:00:00,0.233,10.1
MAC003579,2012-10-10 20:30:00,0.231,10.0
MAC003579,2012-10-10 21:00:00,0.16,10.0
MAC003579,2012-10-10 21:30:00,0.16,10.18
MAC003579,2012-10-10 22:00:00,0.213,10.18
MAC003579,2012-10-10 22:30:00,0.165,10.05
MAC003579,2012-10-10 23:00:00,0.166,10.05
MAC003579,2012-10-10 23:30:00,0.175,9.63
MAC003579,2012-10-11 00:00:00,0.151,9.63
MAC003579,2012-10-11 00:30:00,0.116,9.99
MAC003579,2012-10-11 01:00:00,0.085,9.99
MAC003579,2012-10-11 01:30:00,0.171,9.92
MAC003579,2012-10-11 02:00:00,0.12,9.92
MAC003579,2012-10-11 02:30:00,0.102,9.61
MAC003579,2012-10-11 03:00:00,0.143,9.61
MAC003579,2012-10-11 03:30:00,0.183,9.93
MAC003579,2012-10-11 04:00:00,0.156,9.93
MAC003579,2012-10-11 04:30:00,0.225,9.15
MAC003579,2012-10-11 05:00:00,0.188,9.15
MAC003579,2012-10-11 05:30:00,0.177,9.19
MAC003579,2012-10-11 06:00:00,0.202,9.19
MAC003579,2012-10-11 06:30:00,0.231,9.83
MAC003579,2012-10-11 07:00:00,0.142,9.83
MAC003579,2012-10-11 07:30:00,0.226,10.83
MAC003579,2012-10-11 08:00:00,0.187,10.83
MAC003579,2012-10-11 08:30:00,0.173,11.72
MAC003579,2012-10-11 09:00:00,0.097,11.72
MAC003579,2012-10-11 09:30:00,0.108,12.28
MAC003579,2012-10-11 10:00:00,0.162,12.28
MAC003579,2012-10-11 10:30:00,0.193,12.74
MAC003579,2012-10-11 11:00:00,0.184,12.74
MAC003579,2012-10-11 11:30:00,0.229,13.31
MAC003579,2012-10-11 12:00:00,0.301,13.31
MAC003579,2012-10-11 12:30:00,0.289,13.76
MAC003579,2012-10-11 13:00:00,0.249,13.76
MAC003579,2012-10-11 13:30:00,0.256,14.33
MAC003579,2012-10-11 14:00:00,0.203,14.33
MAC003579,2012-10-11 14:30:00,0.201,14.68
MAC003597,2012-10-10 12:30:00,0.535,14.13
MAC003597,2012-10-10 13:00:00,0.436,14.13
MAC003597,2012-10-10 13:30:00,0.513,14.12
MAC003597,2012-10-10 14:00:00,0.609,14.12
MAC003597,2012-10-10 14:30:00,0.961,13.63
MAC003597,2012-10-10 15:00:00,0.724,13.63
MAC003597,2012-10-10 15:30:00,0.734,13.47
MAC003597,2012-10-10 16:00:00,0.828,13.47
MAC003597,2012-10-10 16:30:00,0.793,12.76
MAC003597,2012-10-10 17:00:00,1.295,12.76
MAC003597,2012-10-10 17:30:00,0.865,12.13
MAC003597,2012-10-10 18:00:00,0.728,12.13
MAC003597,2012-10-10 18:30:00,1.345,11.02
MAC003597,2012-10-10 19:00:00,0.695,11.02
MAC003597,2012-10-10 19:30:00,1.304,10.1
MAC003597,2012-10-10 20:00:00,1.094,10.1
MAC003597,2012-10-10 20:30:00,0.622,10.0
MAC003597,2012-10-10 21:00:00,0.624,10.0
MAC003597,2012-10-10 21:30:00,0.622,10.18
MAC003597,2012-10-10 22:00:00,0.436,10.18
MAC003597,2012-10-10 22:30:00,0.375,10.05
MAC003597,2012-10-10 23:00:00,0.354,10.05
MAC003597,2012-10-10 23:30:00,0.396,9.63
MAC003597,2012-10-11 00:00:00,0.399,9.63
MAC003597,2012-10-11 00:30:00,0.346,9.99
MAC003597,2012-10-11 01:00:00,0.359,9.99
MAC003597,2012-10-11 01:30:00,0.377,9.92
MAC003597,2012-10-11 02:00:00,0.347,9.92
MAC003597,2012-10-11 02:30:00,0.406,9.61
MAC003597,2012-10-11 03:00:00,0.419,9.61
MAC003597,2012-10-11 03:30:00,0.406,9.93
MAC003597,2012-10-11 04:00:00,0.376,9.93
MAC003597,2012-10-11 04:30:00,0.395,9.15
MAC003597,2012-10-11 05:00:00,0.338,9.15
MAC003597,2012-10-11 05:30:00,0.363,9.19
MAC003597,2012-10-11 06:00:00,0.415,9.19
MAC003597,2012-10-11 06:30:00,0.466,9.83
MAC003597,2012-10-11 07:00:00,0.638,9.83
MAC003597,2012-10-11 07:30:00,0.695,10.83
MAC003597,2012-10-11 08:00:00,0.811,10.83
MAC003597,2012-10-11 08:30:00,0.698,11.72
MAC003597,2012-10-11 09:00:00,0.727,11.72
MAC003597,2012-10-11 09:30:00,0.975,12.28
MAC003597,2012-10-11 10:00:00,0.804,12.28
MAC003597,2012-10-11 10:30:00,0.592,12.74
MAC003597,2012-10-11 11:00:00,0.568,12.74
MAC003597,2012-10-11 11:30:00,0.558,13.31
MAC003597,2012-10-11 12:00:00,0.505,13.31
MAC003597,2012-10-11 12:30:00,0.607,13.76
MAC003597,2012-10-11 13:00:00,0.485,13.76
MAC003597,2012-10-11 13:30:00,0.863,14.33
MAC003597,2012-10-11 14:00:00,1.717,14.33
MAC003597,2012-10-11 14:30:00,0.817,14.68
MAC003597,2012-10-11 15:00:00,0.79,14.68
MAC003597,2012-10-11 15:30:00,0.731,14.78
MAC003597,2012-10-11 16:00:00,0.659,14.78
MAC003597,2012-10-11 16:30:00,0.886,14.84
MAC003597,2012-10-11 17:00:00,1.887,14.84
MAC003597,2012-10-11 17:30:00,0.828,14.88
MAC003597,2012-10-11 18:00:00,1.38,14.88
MAC003597,2012-10-11 18:30:00,0.913,14.87
MAC003597,2012-10-11 19:00:00,1.226,14.87
MAC003597,2012-10-11 19:30:00,0.605,14.87
MAC003597,2012-10-11 20:00:00,0.92,14.87
MAC003597,2012-10-11 20:30:00,0.809,14.88
MAC003597,2012-10-11 21:00:00,0.602,14.88
MAC003597,2012-10-11 21:30:00,0.597,14.87
MAC003597,2012-10-11 22:00:00,0.487,14.87
MAC003597,2012-10-11 22:30:00,0.35,14.72
MAC003597,2012-10-11 23:00:00,0.377,14.72
MAC003597,2012-10-11 23:30:00,0.366,13.61
MAC003597,2012-10-12 00:00:00,0.41,13.61
MAC003597,2012-10-12 00:30:00,0.382,13.09
MAC003597,2012-10-12 01:00:00,0.338,13.09
MAC003597,2012-10-12 01:30:00,0.407,12.54
MAC003597,2012-10-12 02:00:00,0.328,12.54
MAC003597,2012-10-12 02:30:00,0.416,11.94
MAC003597,2012-10-12 03:00:00,0.373,11.94
MAC003597,2012-10-12 03:30:00,0.424,11.47
MAC003597,2012-10-12 04:00:00,0.366,11.47
MAC003597,2012-10-12 04:30:00,0.347,10.87
MAC003597,2012-10-12 05:00:00,0.402,10.87
MAC003597,2012-10-12 05:30:00,0.355,10.37
MAC003597,2012-10-12 06:00:00,0.416,10.37
MAC003597,2012-10-12 06:30:00,0.409,10.39
MAC003597,2012-10-12 07:00:00,0.656,10.39
MAC003597,2012-10-12 07:30:00,0.831,10.29
MAC003597,2012-10-12 08:00:00,0.662,10.29
MAC003597,2012-10-12 08:30:00,0.471,10.94
MAC003597,2012-10-12 09:00:00,0.394,10.94
MAC003597,2012-10-12 09:30:00,0.541,12.32
MAC003597,2012-10-12 10:00:00,0.473,12.32
MAC003597,2012-10-12 10:30:00,0.495,12.59
MAC003597,2012-10-12 11:00:00,0.41,12.59
MAC003597,2012-10-12 11:30:00,0.383,13.86
MAC003597,2012-10-12 12:00:00,0.438,13.86
MAC003597,2012-10-12 12:30:00,0.357,13.99
MAC003597,2012-10-12 13:00:00,0.617,13.99
MAC003597,2012-10-12 13:30:00,0.448,13.52
MAC003597,2012-10-12 14:00:00,0.569,13.52
MAC003613,2012-10-11 09:30:00,0.652,12.28
MAC003613,2012-10-11 10:00:00,1.025,12.28
MAC003613,2012-10-11 10:30:00,0.455,12.74
MAC003613,2012-10-11 11:00:00,0.5,12.74
MAC003613,2012-10-11 11:30:00,0.522,13.31
MAC003613,2012-10-11 12:00:00,0.717,13.31
MAC003613,2012-10-11 12:30:00,0.75,13.76
MAC003613,2012-10-11 13:00:00,0.956,13.76
MAC003613,2012-10-11 13:30:00,1.941,14.33
MAC003613,2012-10-11 14:00:00,1.289,14.33
MAC003613,2012-10-11 14:30:00,1.161,14.68
MAC003613,2012-10-11 15:00:00,1.228,14.68
MAC003613,2012-10-11 15:30:00,1.024,14.78
MAC003613,2012-10-11 16:00:00,0.697,14.78
MAC003613,2012-10-11 16:30:00,0.658,14.84
MAC003613,2012-10-11 17:00:00,0.955,14.84
MAC003613,2012-10-11 17:30:00,0.89,14.88
MAC003613,2012-10-11 18:00:00,0.983,14.88
MAC003613,2012-10-11 18:30:00,0.701,14.87
MAC003613,2012-10-11 19:00:00,0.612,14.87
MAC003613,2012-10-11 19:30:00,0.822,14.87
MAC003613,2012-10-11 20:00:00,0.793,14.87
MAC003613,2012-10-11 20:30:00,0.316,14.88
MAC003613,2012-10-11 21:00:00,0.434,14.88
MAC003613,2012-10-11 21:30:00,0.582,14.87
MAC003613,2012-10-11 22:00:00,0.214,14.87
MAC003613,2012-10-11 22:30:00,0.184,14.72
MAC003613,2012-10-11 23:00:00,0.191,14.72
MAC003613,2012-10-11 23:30:00,0.2,13.61
MAC003613,2012-10-12 00:00:00,0.214,13.61
MAC003613,2012-10-12 00:30:00,0.19,13.09
MAC003613,2012-10-12 01:00:00,0.183,13.09
MAC003613,2012-10-12 01:30:00,0.197,12.54
MAC003613,2012-10-12 02:00:00,0.194,12.54
MAC003613,2012-10-12 02:30:00,0.175,11.94
MAC003613,2012-10-12 03:00:00,0.162,11.94
MAC003613,2012-10-12 03:30:00,0.186,11.47
MAC003613,2012-10-12 04:00:00,0.411,11.47
MAC003613,2012-10-12 04:30:00,0.4,10.87
MAC003613,2012-10-12 05:00:00,0.771,10.87
MAC003613,2012-10-12 05:30:00,0.292,10.37
MAC003613,2012-10-12 06:00:00,0.233,10.37
MAC003613,2012-10-12 06:30:00,0.223,10.39
MAC003613,2012-10-12 07:00:00,0.254,10.39
MAC003613,2012-10-12 07:30:00,0.56,10.29
MAC003613,2012-10-12 08:00:00,0.67,10.29
MAC003613,2012-10-12 08:30:00,0.631,10.94
MAC003613,2012-10-12 09:00:00,1.501,10.94
MAC003613,2012-10-12 09:30:00,1.245,12.32
MAC003613,2012-10-12 10:00:00,0.649,12.32
MAC003613,2012-10-12 10:30:00,0.388,12.59
MAC003613,2012-10-12 11:00:00,0.313,12.59
MAC003613,2012-10-12 11:30:00,0.324,13.86
MAC003613,2012-10-12 12:00:00,0.337,13.86
MAC003613,2012-10-12 12:30:00,0.868,13.99
MAC003613,2012-10-12 13:00:00,0.546,13.99
MAC003613,2012-10-12 13:30:00,0.757,13.52
MAC003613,2012-10-12 14:00:00,0.478,13.52
MAC003613,2012-10-12 14:30:00,1.096,12.69
MAC003613,2012-10-12 15:00:00,1.064,12.69
MAC003613,2012-10-12 15:30:00,0.933,12.46
MAC003613,2012-10-12 16:00:00,0.722,12.46
MAC003613,2012-10-12 16:30:00,1.0140001,11.31
MAC003613,2012-10-12 17:00:00,0.792,11.31
MAC003613,2012-10-12 17:30:00,0.994,10.39
MAC003613,2012-10-12 18:00:00,1.2410001,10.39
MAC003613,2012-10-12 18:30:00,1.075,9.38
MAC003613,2012-10-12 19:00:00,0.855,9.38
MAC003613,2012-10-12 19:30:00,0.873,8.93
MAC003613,2012-10-12 20:00:00,1.635,8.93
MAC003613,2012-10-12 20:30:00,1.809,8.93
MAC003613,2012-10-12 21:00:00,1.28,8.93
MAC003613,2012-10-12 21:30:00,0.429,8.51
MAC003613,2012-10-12 22:00:00,0.849,8.51
MAC003613,2012-10-12 22:30:00,0.218,8.97
MAC003613,2012-10-12 23:00:00,0.171,8.97
MAC003613,2012-10-12 23:30:00,0.178,8.78
MAC003613,2012-10-13 00:00:00,0.17,8.78
MAC003613,2012-10-13 00:30:00,0.152,8.27
MAC003613,2012-10-13 01:00:00,0.17,8.27
MAC003613,2012-10-13 01:30:00,0.165,7.87
MAC003613,2012-10-13 02:00:00,0.179,7.87
MAC003613,2012-10-13 02:30:00,0.162,7.89
MAC003613,2012-10-13 03:00:00,0.197,7.89
MAC003613,2012-10-13 03:30:00,0.161,7.74
MAC003613,2012-10-13 04:00:00,0.233,7.74
MAC003613,2012-10-13 04:30:00,0.224,7.33
MAC003613,2012-10-13 05:00:00,0.234,7.33
MAC003613,2012-10-13 05:30:00,0.216,6.5
MAC003613,2012-10-13 06:00:00,0.255,6.5
MAC003613,2012-10-13 06:30:00,0.216,6.47
MAC003613,2012-10-13 07:00:00,0.324,6.47
MAC003613,2012-10-13 07:30:00,0.388,7.84
MAC003613,2012-10-13 08:00:00,0.358,7.84
MAC003613,2012-10-13 08:30:00,1.352,9.12
MAC003613,2012-10-13 09:00:00,1.201,9.12
MAC003613,2012-10-13 09:30:00,0.471,10.66
MAC003613,2012-10-13 10:00:00,0.434,10.66
MAC003613,2012-10-13 10:30:00,0.561,10.58
MAC003613,2012-10-13 11:00:00,0.359,10.58
MAC003646,2012-10-12 10:30:00,0.286,12.59
MAC003646,2012-10-12 11:00:00,0.299,12.59
MAC003646,2012-10-12 11:30:00,0.066,13.86
MAC003646,2012-10-12 12:00:00,0.069,13.86
MAC003646,2012-10-12 12:30:00,0.212,13.99
MAC003646,2012-10-12 13:00:00,0.093,13.99
MAC003646,2012-10-12 13:30:00,0.172,13.52
MAC003646,2012-10-12 14:00:00,0.274,13.52
MAC003646,2012-10-12 14:30:00,0.066,12.69
MAC003646,2012-10-12 15:00:00,0.093,12.69
MAC003646,2012-10-12 15:30:00,0.084,12.46
MAC003646,2012-10-12 16:00:00,0.123,12.46
MAC003646,2012-10-12 16:30:00,1.0420001,11.31
MAC003646,2012-10-12 17:00:00,0.778,11.31
MAC003646,2012-10-12 17:30:00,0.283,10.39
MAC003646,2012-10-12 18:00:00,0.249,10.39
MAC003646,2012-10-12 18:30:00,0.262,9.38
MAC003646,2012-10-12 19:00:00,0.282,9.38
MAC003646,2012-10-12 19:30:00,0.307,8.93
MAC003646,2012-10-12 20:00:00,0.346,8.93
MAC003646,2012-10-12 20:30:00,0.948,8.93
MAC003646,2012-10-12 21:00:00,0.341,8.93
MAC003646,2012-10-12 21:30:00,0.584,8.51
MAC003646,2012-10-12 22:00:00,0.067,8.51
MAC003646,2012-10-12 22:30:00,0.082,8.97
MAC003646,2012-10-12 23:00:00,0.054,8.97
MAC003646,2012-10-12 23:30:00,0.096,8.78
MAC003646,2012-10-13 00:00:00,0.067,8.78
MAC003646,2012-10-13 00:30:00,0.091,8.27
MAC003646,2012-10-13 01:00:00,0.055,8.27
MAC003646,2012-10-13 01:30:00,0.077,7.87
MAC003646,2012-10-13 02:00:00,0.081,7.87
MAC003646,2012-10-13 02:30:00,0.081,7.89
MAC003646,2012-10-13 03:00:00,0.076,7.89
MAC003646,2012-10-13 03:30:00,0.062,7.74
MAC003646,2012-10-13 04:00:00,0.072,7.74
MAC003646,2012-10-13 04:30:00,0.074,7.33
MAC003646,2012-10-13 05:00:00,0.084,7.33
MAC003646,2012-10-13 05:30:00,0.079,6.5
MAC003646,2012-10-13 06:00:00,0.116,6.5
MAC003646,2012-10-13 06:30:00,0.833,6.47
MAC003646,2012-10-13 07:00:00,0.278,6.47
MAC003646,2012-10-13 07:30:00,0.134,7.84
MAC003646,2012-10-13 08:00:00,0.102,7.84
MAC003646,2012-10-13 08:30:00,0.049,9.12
MAC003646,2012-10-13 09:00:00,0.097,9.12
MAC003646,2012-10-13 09:30:00,0.287,10.66
MAC003646,2012-10-13 10:00:00,0.12,10.66
MAC003646,2012-10-13 10:30:00,0.151,10.58
MAC003646,2012-10-13 11:00:00,0.062,10.58
MAC003646,2012-10-13 11:30:00,0.094,11.43
MAC003646,2012-10-13 12:00:00,0.115,11.43
MAC003646,2012-10-13 12:30:00,0.175,11.38
MAC003646,2012-10-13 13:00:00,0.148,11.38
MAC003646,2012-10-13 13:30:00,0.111,11.53
MAC003646,2012-10-13 14:00:00,0.566,11.53
MAC003646,2012-10-13 14:30:00,0.095,10.11
MAC003646,2012-10-13 15:00:00,0.045,10.11
MAC003646,2012-10-13 15:30:00,0.069,10.27
MAC003646,2012-10-13 16:00:00,0.061,10.27
MAC003646,2012-10-13 16:30:00,0.086,9.91
MAC003646,2012-10-13 17:00:00,0.05,9.91
MAC003646,2012-10-13 17:30:00,0.171,9.01
MAC003646,2012-10-13 18:00:00,0.313,9.01
MAC003646,2012-10-13 18:30:00,0.38,7.63
MAC003646,2012-10-13 19:00:00,0.35,7.63
MAC003646,2012-10-13 19:30:00,0.387,7.01
MAC003646,2012-10-13 20:00:00,0.316,7.01
MAC003646,2012-10-13 20:30:00,0.267,6.53
MAC003646,2012-10-13 21:00:00,0.856,6.53
MAC003646,2012-10-13 21:30:00,0.583,6.41
MAC003646,2012-10-13 22:00:00,0.168,6.41
MAC003646,2012-10-13 22:30:00,0.068,5.92
MAC003646,2012-10-13 23:00:00,0.093,5.92
MAC003646,2012-10-13 23:30:00,0.063,5.69
MAC003646,2012-10-14 00:00:00,0.067,5.69
MAC003646,2012-10-14 00:30:00,0.057,5.17
MAC003646,2012-10-14 01:00:00,0.086,5.17
MAC003646,2012-10-14 01:30:00,0.059,4.67
MAC003646,2012-10-14 02:00:00,0.066,4.67
MAC003646,2012-10-14 02:30:00,0.051,4.11
MAC003646,2012-10-14 03:00:00,0.087,4.11
MAC003646,2012-10-14 03:30:00,0.065,3.62
MAC003646,2012-10-14 04:00:00,0.07,3.62
MAC003646,2012-10-14 04:30:00,0.047,3.43
MAC003646,2012-10-14 05:00:00,0.085,3.43
MAC003646,2012-10-14 05:30:00,0.071,2.94
MAC003646,2012-10-14 06:00:00,0.119,2.94
MAC003646,2012-10-14 06:30:00,0.595,2.81
MAC003646,2012-10-14 07:00:00,0.225,2.81
MAC003646,2012-10-14 07:30:00,0.224,4.42
MAC003646,2012-10-14 08:00:00,0.128,4.42
MAC003646,2012-10-14 08:30:00,0.307,6.68
MAC003646,2012-10-14 09:00:00,0.174,6.68
MAC003646,2012-10-14 09:30:00,0.192,9.44
MAC003646,2012-10-14 10:00:00,0.12,9.44
MAC003646,2012-10-14 10:30:00,0.123,11.07
MAC003646,2012-10-14 11:00:00,0.115,11.07
MAC003646,2012-10-14 11:30:00,0.266,11.78
MAC003646,2012-10-14 12:00:00,0.217,11.78
MAC003656,2012-10-12 12:00:00,0.0,13.86
MAC003656,2012-10-12 13:00:00,0.299,13.99
MAC003656,2012-10-12 13:30:00,0.266,13.52
MAC003656,2012-10-12 14:00:00,0.307,13.52
MAC003656,2012-10-12 14:30:00,0.509,12.69
MAC003656,2012-10-12 15:00:00,0.618,12.69
MAC003656,2012-10-12 15:30:00,0.398,12.46
MAC003656,2012-10-12 16:00:00,0.259,12.46
MAC003656,2012-10-12 16:30:00,0.152,11.31
MAC003656,2012-10-12 17:00:00,0.196,11.31
MAC003656,2012-10-12 17:30:00,0.144,10.39
MAC003656,2012-10-12 18:00:00,0.153,10.39
MAC003656,2012-10-12 18:30:00,0.26,9.38
MAC003656,2012-10-12 19:00:00,0.129,9.38
MAC003656,2012-10-12 19:30:00,0.172,8.93
MAC003656,2012-10-12 20:00:00,0.172,8.93
MAC003656,2012-10-12 20:30:00,0.197,8.93
MAC003656,2012-10-12 21:00:00,0.251,8.93
MAC003656,2012-10-12 21:30:00,0.493,8.51
MAC003656,2012-10-12 22:00:00,0.366,8.51
MAC003656,2012-10-12 22:30:00,0.472,8.97
MAC003656,2012-10-12 23:00:00,0.38,8.97
MAC003656,2012-10-12 23:30:00,0.182,8.78
MAC003656,2012-10-13 00:00:00,0.167,8.78
MAC003656,2012-10-13 00:30:00,0.126,8.27
MAC003656,2012-10-13 01:00:00,0.254,8.27
MAC003656,2012-10-13 01:30:00,0.175,7.87
MAC003656,2012-10-13 02:00:00,0.155,7.87
MAC003656,2012-10-13 02:30:00,0.234,7.89
MAC003656,2012-10-13 03:00:00,0.132,7.89
MAC003656,2012-10-13 03:30:00,0.217,7.74
MAC003656,2012-10-13 04:00:00,0.26,7.74
MAC003656,2012-10-13 04:30:00,0.227,7.33
MAC003656,2012-10-13 05:00:00,0.165,7.33
MAC003656,2012-10-13 05:30:00,0.127,6.5
MAC003656,2012-10-13 06:00:00,0.231,6.5
MAC003656,2012-10-13 06:30:00,0.32,6.47
MAC003656,2012-10-13 07:00:00,0.431,6.47
MAC003656,2012-10-13 07:30:00,0.472,7.84
MAC003656,2012-10-13 08:00:00,0.994,7.84
MAC003656,2012-10-13 08:30:00,0.822,9.12
MAC003656,2012-10-13 09:00:00,0.915,9.12
MAC003656,2012-10-13 09:30:00,1.03,10.66
MAC003656,2012-10-13 10:00:00,1.031,10.66
MAC003656,2012-10-13 10:30:00,0.834,10.58
MAC003656,2012-10-13 11:00:00,0.776,10.58
MAC003656,2012-10-13 11:30:00,0.214,11.43
MAC003656,2012-10-13 12:00:00,0.112,11.43
MAC003656,2012-10-13 12:30:00,0.175,11.38
MAC003656,2012-10-13 13:00:00,0.139,11.38
MAC003656,2012-10-13 13:30:00,0.61,11.53
MAC003656,2012-10-13 14:00:00,0.533,11.53
MAC003656,2012-10-13 14:30:00,0.245,10.11
MAC003656,2012-10-13 15:00:00,0.322,10.11
MAC003656,2012-10-13 15:30:00,0.352,10.27
MAC003656,2012-10-13 16:00:00,0.325,10.27
MAC003656,2012-10-13 16:30:00,0.395,9.91
MAC003656,2012-10-13 17:00:00,0.323,9.91
MAC003656,2012-10-13 17:30:00,0.283,9.01
MAC003656,2012-10-13 18:00:00,0.366,9.01
MAC003656,2012-10-13 18:30:00,0.29,7.63
MAC003656,2012-10-13 19:00:00,0.36,7.63
MAC003656,2012-10-13 19:30:00,0.342,7.01
MAC003656,2012-10-13 20:00:00,0.311,7.01
MAC003656,2012-10-13 20:30:00,0.345,6.53
MAC003656,2012-10-13 21:00:00,0.318,6.53
MAC003656,2012-10-13 21:30:00,0.349,6.41
MAC003656,2012-10-13 22:00:00,0.382,6.41
MAC003656,2012-10-13 22:30:00,0.353,5.92
MAC003656,2012-10-13 23:00:00,0.403,5.92
MAC003656,2012-10-13 23:30:00,0.269,5.69
MAC003656,2012-10-14 00:00:00,0.16,5.69
MAC003656,2012-10-14 00:30:00,0.214,5.17
MAC003656,2012-10-14 01:00:00,0.197,5.17
MAC003656,2012-10-14 01:30:00,0.226,4.67
MAC003656,2012-10-14 02:00:00,0.156,4.67
MAC003656,2012-10-14 02:30:00,0.202,4.11
MAC003656,2012-10-14 03:00:00,0.256,4.11
MAC003656,2012-10-14 03:30:00,0.145,3.62
MAC003656,2012-10-14 04:00:00,0.196,3.62
MAC003656,2012-10-14 04:30:00,0.112,3.43
MAC003656,2012-10-14 05:00:00,0.202,3.43
MAC003656,2012-10-14 05:30:00,0.111,2.94
MAC003656,2012-10-14 06:00:00,0.18,2.94
MAC003656,2012-10-14 06:30:00,0.198,2.81
MAC003656,2012-10-14 07:00:00,0.63,2.81
MAC003656,2012-10-14 07:30:00,0.492,4.42
MAC003656,2012-10-14 08:00:00,1.3789999,4.42
MAC003656,2012-10-14 08:30:00,1.1900001,6.68
MAC003656,2012-10-14 09:00:00,1.256,6.68
MAC003656,2012-10-14 09:30:00,0.678,9.44
MAC003656,2012-10-14 10:00:00,0.65,9.44
MAC003656,2012-10-14 10:30:00,0.66,11.07
MAC003656,2012-10-14 11:00:00,1.025,11.07
MAC003656,2012-10-14 11:30:00,0.813,11.78
MAC003656,2012-10-14 12:00:00,0.195,11.78
MAC003656,2012-10-14 12:30:00,0.154,11.88
MAC003656,2012-10-14 13:00:00,0.249,11.88
MAC003656,2012-10-14 13:30:00,0.285,12.32
MAC003656,2012-10-14 14:00:00,0.342,12.32
MAC003668,2012-10-15 08:30:00,0.795,9.21
MAC003668,2012-10-15 09:00:00,1.3430001,9.21
MAC003668,2012-10-15 09:30:00,0.791,10.47
MAC003668,2012-10-15 10:00:00,0.849,10.47
MAC003668,2012-10-15 10:30:00,1.228,11.67
MAC003668,2012-10-15 11:00:00,1.438,11.67
MAC003668,2012-10-15 11:30:00,1.518,12.27
MAC003668,2012-10-15 12:00:00,0.805,12.27
MAC003668,2012-10-15 12:30:00,1.4680001,12.66
MAC003668,2012-10-15 13:00:00,1.821,12.66
MAC003668,2012-10-15 13:30:00,1.516,13.03
MAC003668,2012-10-15 14:00:00,2.385,13.03
MAC003668,2012-10-15 14:30:00,1.557,12.62
MAC003668,2012-10-15 15:00:00,0.991,12.62
MAC003668,2012-10-15 15:30:00,1.3789999,12.51
MAC003668,2012-10-15 16:00:00,0.938,12.51
MAC003668,2012-10-15 16:30:00,0.308,11.57
MAC003668,2012-10-15 17:00:00,0.217,11.57
MAC003668,2012-10-15 17:30:00,1.146,12.17
MAC003668,2012-10-15 18:00:00,1.777,12.17
MAC003668,2012-10-15 18:30:00,2.875,11.78
MAC003668,2012-10-15 19:00:00,3.316,11.78
MAC003668,2012-10-15 19:30:00,2.3080001,11.38
MAC003668,2012-10-15 20:00:00,2.0409999,11.38
MAC003668,2012-10-15 20:30:00,1.9450001,11.77
MAC003668,2012-10-15 21:00:00,1.279,11.77
MAC003668,2012-10-15 21:30:00,1.313,11.46
MAC003668,2012-10-15 22:00:00,2.026,11.46
MAC003668,2012-10-15 22:30:00,0.747,11.56
MAC003668,2012-10-15 23:00:00,0.315,11.56
MAC003668,2012-10-15 23:30:00,0.272,11.61
MAC003668,2012-10-16 00:00:00,0.299,11.61
MAC003668,2012-10-16 00:30:00,0.28,11.67
MAC003668,2012-10-16 01:00:00,0.249,11.67
MAC003668,2012-10-16 01:30:00,0.288,12.09
MAC003668,2012-10-16 02:00:00,0.251,12.09
MAC003668,2012-10-16 02:30:00,0.318,10.95
MAC003668,2012-10-16 03:00:00,0.234,10.95
MAC003668,2012-10-16 03:30:00,0.284,10.21
MAC003668,2012-10-16 04:00:00,0.306,10.21
MAC003668,2012-10-16 04:30:00,0.235,9.81
MAC003668,2012-10-16 05:00:00,0.284,9.81
MAC003668,2012-10-16 05:30:00,0.292,9.86
MAC003668,2012-10-16 06:00:00,0.473,9.86
MAC003668,2012-10-16 06:30:00,0.399,10.32
MAC003668,2012-10-16 07:00:00,0.303,10.32
MAC003668,2012-10-16 07:30:00,0.362,10.9
MAC003668,2012-10-16 08:00:00,0.55,10.9
MAC003668,2012-10-16 08:30:00,0.377,11.96
MAC003668,2012-10-16 09:00:00,0.265,11.96
MAC003668,2012-10-16 09:30:00,0.197,12.99
MAC003668,2012-10-16 10:00:00,0.275,12.99
MAC003668,2012-10-16 10:30:00,0.313,13.59
MAC003668,2012-10-16 11:00:00,0.274,13.59
MAC003668,2012-10-16 11:30:00,0.209,14.08
MAC003668,2012-10-16 12:00:00,0.252,14.08
MAC003668,2012-10-16 12:30:00,0.23,14.34
MAC003668,2012-10-16 13:00:00,0.21,14.34
MAC003668,2012-10-16 13:30:00,0.274,14.74
MAC003668,2012-10-16 14:00:00,0.238,14.74
MAC003668,2012-10-16 14:30:00,0.239,14.64
MAC003668,2012-10-16 15:00:00,0.213,14.64
MAC003668,2012-10-16 15:30:00,1.347,13.67
MAC003668,2012-10-16 16:00:00,0.9,13.67
MAC003668,2012-10-16 16:30:00,0.969,12.39
MAC003668,2012-10-16 17:00:00,0.342,12.39
MAC003668,2012-10-16 17:30:00,1.016,11.22
MAC003668,2012-10-16 18:00:00,2.964,11.22
MAC003668,2012-10-16 18:30:00,2.3540001,10.53
MAC003668,2012-10-16 19:00:00,1.133,10.53
MAC003668,2012-10-16 19:30:00,1.6339999,10.02
MAC003668,2012-10-16 20:00:00,1.613,10.02
MAC003668,2012-10-16 20:30:00,1.656,9.06
MAC003668,2012-10-16 21:00:00,1.576,9.06
MAC003668,2012-10-16 21:30:00,1.854,9.13
MAC003668,2012-10-16 22:00:00,1.0039999,9.13
MAC003668,2012-10-16 22:30:00,0.274,8.8
MAC003668,2012-10-16 23:00:00,0.285,8.8
MAC003668,2012-10-16 23:30:00,0.314,9.56
MAC003668,2012-10-17 00:00:00,0.238,9.56
MAC003668,2012-10-17 00:30:00,0.296,10.33
MAC003668,2012-10-17 01:00:00,0.29,10.33
MAC003668,2012-10-17 01:30:00,0.232,10.98
MAC003668,2012-10-17 02:00:00,0.301,10.98
MAC003668,2012-10-17 02:30:00,0.273,10.95
MAC003668,2012-10-17 03:00:00,0.275,10.95
MAC003668,2012-10-17 03:30:00,0.247,10.6
MAC003668,2012-10-17 04:00:00,0.298,10.6
MAC003668,2012-10-17 04:30:00,0.264,11.57
MAC003668,2012-10-17 05:00:00,0.253,11.57
MAC003668,2012-10-17 05:30:00,0.341,12.81
MAC003668,2012-10-17 06:00:00,0.577,12.81
MAC003668,2012-10-17 06:30:00,0.6,12.8
MAC003668,2012-10-17 07:00:00,0.415,12.8
MAC003668,2012-10-17 07:30:00,0.253,12.89
MAC003668,2012-10-17 08:00:00,0.219,12.89
MAC003668,2012-10-17 08:30:00,0.246,14.34
MAC003668,2012-10-17 09:00:00,0.695,14.34
MAC003668,2012-10-17 09:30:00,0.589,15.18
MAC003668,2012-10-17 10:00:00,0.223,15.18
MAC003680,2012-10-16 08:00:00,0.303,10.9
MAC003680,2012-10-16 08:30:00,0.651,11.96
MAC003680,2012-10-16 09:00:00,0.258,11.96
MAC003680,2012-10-16 09:30:00,0.206,12.99
MAC003680,2012-10-16 10:00:00,1.02,12.99
MAC003680,2012-10-16 10:30:00,0.768,13.59
MAC003680,2012-10-16 11:00:00,0.183,13.59
MAC003680,2012-10-16 11:30:00,0.212,14.08
MAC003680,2012-10-16 12:00:00,0.186,14.08
MAC003680,2012-10-16 12:30:00,0.189,14.34
MAC003680,2012-10-16 13:00:00,0.213,14.34
MAC003680,2012-10-16 13:30:00,0.41,14.74
MAC003680,2012-10-16 14:00:00,0.349,14.74
MAC003680,2012-10-16 14:30:00,0.186,14.64
MAC003680,2012-10-16 15:00:00,0.269,14.64
MAC003680,2012-10-16 15:30:00,0.324,13.67
MAC003680,2012-10-16 16:00:00,0.243,13.67
MAC003680,2012-10-16 16:30:00,0.772,12.39
MAC003680,2012-10-16 17:00:00,0.669,12.39
MAC003680,2012-10-16 17:30:00,0.634,11.22
MAC003680,2012-10-16 18:00:00,0.392,11.22
MAC003680,2012-10-16 18:30:00,0.438,10.53
MAC003680,2012-10-16 19:00:00,0.399,10.53
MAC003680,2012-10-16 19:30:00,0.429,10.02
MAC003680,2012-10-16 20:00:00,0.356,10.02
MAC003680,2012-10-16 20:30:00,0.532,9.06
MAC003680,2012-10-16 21:00:00,0.364,9.06
MAC003680,2012-10-16 21:30:00,0.466,9.13
MAC003680,2012-10-16 22:00:00,0.334,9.13
MAC003680,2012-10-16 22:30:00,0.298,8.8
MAC003680,2012-10-16 23:00:00,0.216,8.8
MAC003680,2012-10-16 23:30:00,0.192,9.56
MAC003680,2012-10-17 00:00:00,0.205,9.56
MAC003680,2012-10-17 00:30:00,0.182,10.33
MAC003680,2012-10-17 01:00:00,0.214,10.33
MAC003680,2012-10-17 01:30:00,0.183,10.98
MAC003680,2012-10-17 02:00:00,0.207,10.98
MAC003680,2012-10-17 02:30:00,0.198,10.95
MAC003680,2012-10-17 03:00:00,0.196,10.95
MAC003680,2012-10-17 03:30:00,0.215,10.6
MAC003680,2012-10-17 04:00:00,0.184,10.6
MAC003680,2012-10-17 04:30:00,0.204,11.57
MAC003680,2012-10-17 05:00:00,0.187,11.57
MAC003680,2012-10-17 05:30:00,0.201,12.81
MAC003680,2012-10-17 06:00:00,0.444,12.81
MAC003680,2012-10-17 06:30:00,0.374,12.8
MAC003680,2012-10-17 07:00:00,0.336,12.8
MAC003680,2012-10-17 07:30:00,0.593,12.89
MAC003680,2012-10-17 08:00:00,0.331,12.89
MAC003680,2012-10-17 08:30:00,0.245,14.34
MAC003680,2012-10-17 09:00:00,0.213,14.34
MAC003680,2012-10-17 09:30:00,0.182,15.18
MAC003680,2012-10-17 10:00:00,0.206,15.18
MAC003680,2012-10-17 10:30:00,0.189,15.92
MAC003680,2012-10-17 11:00:00,0.326,15.92
MAC003680,2012-10-17 11:30:00,0.225,15.63
MAC003680,2012-10-17 12:00:00,0.285,15.63
MAC003680,2012-10-17 12:30:00,0.208,16.6
MAC003680,2012-10-17 13:00:00,0.217,16.6
MAC003680,2012-10-17 13:30:00,0.205,14.91
MAC003680,2012-10-17 14:00:00,0.21,14.91
MAC003680,2012-10-17 14:30:00,0.218,15.39
MAC003680,2012-10-17 15:00:00,0.268,15.39
MAC003680,2012-10-17 15:30:00,0.878,14.18
MAC003680,2012-10-17 16:00:00,0.996,14.18
MAC003680,2012-10-17 16:30:00,0.353,14.08
MAC003680,2012-10-17 17:00:00,0.282,14.08
MAC003680,2012-10-17 17:30:00,1.244,14.02
MAC003680,2012-10-17 18:00:00,0.587,14.02
MAC003680,2012-10-17 18:30:00,0.373,12.9
MAC003680,2012-10-17 19:00:00,0.484,12.9
MAC003680,2012-10-17 19:30:00,0.343,13.18
MAC003680,2012-10-17 20:00:00,0.557,13.18
MAC003680,2012-10-17 20:30:00,0.373,13.11
MAC003680,2012-10-17 21:00:00,0.402,13.11
MAC003680,2012-10-17 21:30:00,0.478,13.12
MAC003680,2012-10-17 22:00:00,0.323,13.12
MAC003680,2012-10-17 22:30:00,0.279,12.71
MAC003680,2012-10-17 23:00:00,0.292,12.71
MAC003680,2012-10-17 23:30:00,0.268,13.09
MAC003680,2012-10-18 00:00:00,0.294,13.09
MAC003680,2012-10-18 00:30:00,0.223,13.08
MAC003680,2012-10-18 01:00:00,0.214,13.08
MAC003680,2012-10-18 01:30:00,0.188,12.67
MAC003680,2012-10-18 02:00:00,0.212,12.67
MAC003680,2012-10-18 02:30:00,0.254,12.69
MAC003680,2012-10-18 03:00:00,0.296,12.69
MAC003680,2012-10-18 03:30:00,0.281,12.66
MAC003680,2012-10-18 04:00:00,0.287,12.66
MAC003680,2012-10-18 04:30:00,0.275,12.99
MAC003680,2012-10-18 05:00:00,0.232,12.99
MAC003680,2012-10-18 05:30:00,0.22,12.59
MAC003680,2012-10-18 06:00:00,0.456,12.59
MAC003680,2012-10-18 06:30:00,0.423,12.15
MAC003680,2012-10-18 07:00:00,0.587,12.15
MAC003680,2012-10-18 07:30:00,0.353,12.73
MAC003680,2012-10-18 08:00:00,0.391,12.73
MAC003680,2012-10-18 08:30:00,0.246,13.67
MAC003680,2012-10-18 09:00:00,0.29,13.67
MAC003680,2012-10-18 09:30:00,0.263,14.63
MAC003686,2012-10-16 10:00:00,0.13,12.99
MAC003686,2012-10-16 10:30:00,0.187,13.59
MAC003686,2012-10-16 11:00:00,0.476,13.59
MAC003686,2012-10-16 11:30:00,0.325,14.08
MAC003686,2012-10-16 12:00:00,0.225,14.08
MAC003686,2012-10-16 12:30:00,0.332,14.34
MAC003686,2012-10-16 13:00:00,0.147,14.34
MAC003686,2012-10-16 13:30:00,0.401,14.74
MAC003686,2012-10-16 14:00:00,0.391,14.74
MAC003686,2012-10-16 14:30:00,0.158,14.64
MAC003686,2012-10-16 15:00:00,0.116,14.64
MAC003686,2012-10-16 15:30:00,0.098,13.67
MAC003686,2012-10-16 16:00:00,0.156,13.67
MAC003686,2012-10-16 16:30:00,0.202,12.39
MAC003686,2012-10-16 17:00:00,0.173,12.39
MAC003686,2012-10-16 17:30:00,0.882,11.22
MAC003686,2012-10-16 18:00:00,1.031,11.22
MAC003686,2012-10-16 18:30:00,0.472,10.53
MAC003686,2012-10-16 19:00:00,0.532,10.53
MAC003686,2012-10-16 19:30:00,0.44,10.02
MAC003686,2012-10-16 20:00:00,0.484,10.02
MAC003686,2012-10-16 20:30:00,0.308,9.06
MAC003686,2012-10-16 21:00:00,0.25,9.06
MAC003686,2012-10-16 21:30:00,0.202,9.13
MAC003686,2012-10-16 22:00:00,0.103,9.13
MAC003686,2012-10-16 22:30:00,0.117,8.8
MAC003686,2012-10-16 23:00:00,0.11,8.8
MAC003686,2012-10-16 23:30:00,0.105,9.56
MAC003686,2012-10-17 00:00:00,0.114,9.56
MAC003686,2012-10-17 00:30:00,0.095,10.33
MAC003686,2012-10-17 01:00:00,0.103,10.33
MAC003686,2012-10-17 01:30:00,0.122,10.98
MAC003686,2012-10-17 02:00:00,0.093,10.98
MAC003686,2012-10-17 02:30:00,0.104,10.95
MAC003686,2012-10-17 03:00:00,0.108,10.95
MAC003686,2012-10-17 03:30:00,0.102,10.6
MAC003686,2012-10-17 04:00:00,0.117,10.6
MAC003686,2012-10-17 04:30:00,0.101,11.57
MAC003686,2012-10-17 05:00:00,0.107,11.57
MAC003686,2012-10-17 05:30:00,0.183,12.81
MAC003686,2012-10-17 06:00:00,0.154,12.81
MAC003686,2012-10-17 06:30:00,0.429,12.8
MAC003686,2012-10-17 07:00:00,0.493,12.8
MAC003686,2012-10-17 07:30:00,0.399,12.89
MAC003686,2012-10-17 08:00:00,0.171,12.89
MAC003686,2012-10-17 08:30:00,0.09,14.34
MAC003686,2012-10-17 09:00:00,0.112,14.34
MAC003686,2012-10-17 09:30:00,0.112,15.18
MAC003686,2012-10-17 10:00:00,0.094,15.18
MAC003686,2012-10-17 10:30:00,0.13,15.92
MAC003686,2012-10-17 11:00:00,0.11,15.92
MAC003686,2012-10-17 11:30:00,0.105,15.63
MAC003686,2012-10-17 12:00:00,0.119,15.63
MAC003686,2012-10-17 12:30:00,0.094,16.6
MAC003686,2012-10-17 13:00:00,0.114,16.6
MAC003686,2012-10-17 13:30:00,0.114,14.91
MAC003686,2012-10-17 14:00:00,0.092,14.91
MAC003686,2012-10-17 14:30:00,0.117,15.39
MAC003686,2012-10-17 15:00:00,0.11,15.39
MAC003686,2012-10-17 15:30:00,0.096,14.18
MAC003686,2012-10-17 16:00:00,0.143,14.18
MAC003686,2012-10-17 16:30:00,0.185,14.08
MAC003686,2012-10-17 17:00:00,0.19,14.08
MAC003686,2012-10-17 17:30:00,0.177,14.02
MAC003686,2012-10-17 18:00:00,0.154,14.02
MAC003686,2012-10-17 18:30:00,0.301,12.9
MAC003686,2012-10-17 19:00:00,0.613,12.9
MAC003686,2012-10-17 19:30:00,0.493,13.18
MAC003686,2012-10-17 20:00:00,0.462,13.18
MAC003686,2012-10-17 20:30:00,0.531,13.11
MAC003686,2012-10-17 21:00:00,0.247,13.11
MAC003686,2012-10-17 21:30:00,0.141,13.12
MAC003686,2012-10-17 22:00:00,0.141,13.12
MAC003686,2012-10-17 22:30:00,0.107,12.71
MAC003686,2012-10-17 23:00:00,0.114,12.71
MAC003686,2012-10-17 23:30:00,0.111,13.09
MAC003686,2012-10-18 00:00:00,0.117,13.09
MAC003686,2012-10-18 00:30:00,0.122,13.08
MAC003686,2012-10-18 01:00:00,0.097,13.08
MAC003686,2012-10-18 01:30:00,0.111,12.67
MAC003686,2012-10-18 02:00:00,0.102,12.67
MAC003686,2012-10-18 02:30:00,0.103,12.69
MAC003686,2012-10-18 03:00:00,0.112,12.69
MAC003686,2012-10-18 03:30:00,0.096,12.66
MAC003686,2012-10-18 04:00:00,0.115,12.66
MAC003686,2012-10-18 04:30:00,0.113,12.99
MAC003686,2012-10-18 05:00:00,0.107,12.99
MAC003686,2012-10-18 05:30:00,0.171,12.59
MAC003686,2012-10-18 06:00:00,0.162,12.59
MAC003686,2012-10-18 06:30:00,0.248,12.15
MAC003686,2012-10-18 07:00:00,0.292,12.15
MAC003686,2012-10-18 07:30:00,0.214,12.73
MAC003686,2012-10-18 08:00:00,0.243,12.73
MAC003686,2012-10-18 08:30:00,0.212,13.67
MAC003686,2012-10-18 09:00:00,0.223,13.67
MAC003686,2012-10-18 09:30:00,0.18,14.63
MAC003686,2012-10-18 10:00:00,0.162,14.63
MAC003686,2012-10-18 10:30:00,0.117,14.79
MAC003686,2012-10-18 11:00:00,0.088,14.79
MAC003686,2012-10-18 11:30:00,0.114,15.21
MAC003718,2012-10-17 13:00:00,0.09,16.6
MAC003718,2012-10-17 13:30:00,0.16,14.91
MAC003718,2012-10-17 14:00:00,0.212,14.91
MAC003718,2012-10-17 14:30:00,0.145,15.39
MAC003718,2012-10-17 15:00:00,0.104,15.39
MAC003718,2012-10-17 15:30:00,0.122,14.18
MAC003718,2012-10-17 16:00:00,0.184,14.18
MAC003718,2012-10-17 16:30:00,0.171,14.08
MAC003718,2012-10-17 17:00:00,0.246,14.08
MAC003718,2012-10-17 17:30:00,0.196,14.02
MAC003718,2012-10-17 18:00:00,0.229,14.02
MAC003718,2012-10-17 18:30:00,0.446,12.9
MAC003718,2012-10-17 19:00:00,0.465,12.9
MAC003718,2012-10-17 19:30:00,0.305,13.18
MAC003718,2012-10-17 20:00:00,0.39,13.18
MAC003718,2012-10-17 20:30:00,0.404,13.11
MAC003718,2012-10-17 21:00:00,0.39,13.11
MAC003718,2012-10-17 21:30:00,0.288,13.12
MAC003718,2012-10-17 22:00:00,0.507,13.12
MAC003718,2012-10-17 22:30:00,0.432,12.71
MAC003718,2012-10-17 23:00:00,0.609,12.71
MAC003718,2012-10-17 23:30:00,0.104,13.09
MAC003718,2012-10-18 00:00:00,0.071,13.09
MAC003718,2012-10-18 00:30:00,0.102,13.08
MAC003718,2012-10-18 01:00:00,0.07,13.08
MAC003718,2012-10-18 01:30:00,0.099,12.67
MAC003718,2012-10-18 02:00:00,0.101,12.67
MAC003718,2012-10-18 02:30:00,0.131,12.69
MAC003718,2012-10-18 03:00:00,0.127,12.69
MAC003718,2012-10-18 03:30:00,0.114,12.66
MAC003718,2012-10-18 04:00:00,0.117,12.66
MAC003718,2012-10-18 04:30:00,0.07,12.99
MAC003718,2012-10-18 05:00:00,0.101,12.99
MAC003718,2012-10-18 05:30:00,0.289,12.59
MAC003718,2012-10-18 06:00:00,0.183,12.59
MAC003718,2012-10-18 06:30:00,0.261,12.15
MAC003718,2012-10-18 07:00:00,0.274,12.15
MAC003718,2012-10-18 07:30:00,0.144,12.73
MAC003718,2012-10-18 08:00:00,0.206,12.73
MAC003718,2012-10-18 08:30:00,0.155,13.67
MAC003718,2012-10-18 09:00:00,0.163,13.67
MAC003718,2012-10-18 09:30:00,0.188,14.63
MAC003718,2012-10-18 10:00:00,0.141,14.63
MAC003718,2012-10-18 10:30:00,0.133,14.79
MAC003718,2012-10-18 11:00:00,0.068,14.79
MAC003718,2012-10-18 11:30:00,0.1,15.21
MAC003718,2012-10-18 12:00:00,0.072,15.21
MAC003718,2012-10-18 12:30:00,0.108,15.43
MAC003718,2012-10-18 13:00:00,0.09,15.43
MAC003718,2012-10-18 13:30:00,0.099,15.85
MAC003718,2012-10-18 14:00:00,0.112,15.85
MAC003718,2012-10-18 14:30:00,0.213,16.04
MAC003718,2012-10-18 15:00:00,0.162,16.04
MAC003718,2012-10-18 15:30:00,0.111,15.1
MAC003718,2012-10-18 16:00:00,0.194,15.1
MAC003718,2012-10-18 16:30:00,0.12,14.11
MAC003718,2012-10-18 17:00:00,0.149,14.11
MAC003718,2012-10-18 17:30:00,0.08,14.05
MAC003718,2012-10-18 18:00:00,0.141,14.05
MAC003718,2012-10-18 18:30:00,0.511,14.03
MAC003718,2012-10-18 19:00:00,0.504,14.03
MAC003718,2012-10-18 19:30:00,0.315,14.02
MAC003718,2012-10-18 20:00:00,0.374,14.02
MAC003718,2012-10-18 20:30:00,0.383,13.69
MAC003718,2012-10-18 21:00:00,0.358,13.69
MAC003718,2012-10-18 21:30:00,0.533,13.6
MAC003718,2012-10-18 22:00:00,0.735,13.6
MAC003718,2012-10-18 22:30:00,0.504,13.21
MAC003718,2012-10-18 23:00:00,0.398,13.21
MAC003718,2012-10-18 23:30:00,0.095,12.93
MAC003718,2012-10-19 00:00:00,0.082,12.93
MAC003718,2012-10-19 00:30:00,0.088,12.48
MAC003718,2012-10-19 01:00:00,0.107,12.48
MAC003718,2012-10-19 01:30:00,0.13,12.4
MAC003718,2012-10-19 02:00:00,0.128,12.4
MAC003718,2012-10-19 02:30:00,0.121,11.98
MAC003718,2012-10-19 03:00:00,0.101,11.98
MAC003718,2012-10-19 03:30:00,0.077,11.98
MAC003718,2012-10-19 04:00:00,0.095,11.98
MAC003718,2012-10-19 04:30:00,0.071,12.03
MAC003718,2012-10-19 05:00:00,0.238,12.03
MAC003718,2012-10-19 05:30:00,0.319,11.99
MAC003718,2012-10-19 06:00:00,0.417,11.99
MAC003718,2012-10-19 06:30:00,0.259,12.01
MAC003718,2012-10-19 07:00:00,0.201,12.01
MAC003718,2012-10-19 07:30:00,0.174,12.49
MAC003718,2012-10-19 08:00:00,0.208,12.49
MAC003718,2012-10-19 08:30:00,0.144,12.92
MAC003718,2012-10-19 09:00:00,0.165,12.92
MAC003718,2012-10-19 09:30:00,0.398,12.99
MAC003718,2012-10-19 10:00:00,0.195,12.99
MAC003718,2012-10-19 10:30:00,0.169,13.01
MAC003718,2012-10-19 11:00:00,0.187,13.01
MAC003718,2012-10-19 11:30:00,0.173,12.92
MAC003718,2012-10-19 12:00:00,0.21,12.92
MAC003718,2012-10-19 12:30:00,0.219,12.5
MAC003718,2012-10-19 13:00:00,0.242,12.5
MAC003718,2012-10-19 13:30:00,0.216,12.13
MAC003718,2012-10-19 14:00:00,0.238,12.13
MAC003718,2012-10-19 14:30:00,0.18,12.51
MAC003719,2012-10-17 13:30:00,0.319,14.91
MAC003719,2012-10-17 14:00:00,0.575,14.91
MAC003719,2012-10-17 14:30:00,0.272,15.39
MAC003719,2012-10-17 15:00:00,0.183,15.39
MAC003719,2012-10-17 15:30:00,0.126,14.18
MAC003719,2012-10-17 16:00:00,0.228,14.18
MAC003719,2012-10-17 16:30:00,0.354,14.08
MAC003719,2012-10-17 17:00:00,0.63,14.08
MAC003719,2012-10-17 17:30:00,0.574,14.02
MAC003719,2012-10-17 18:00:00,0.546,14.02
MAC003719,2012-10-17 18:30:00,0.72,12.9
MAC003719,2012-10-17 19:00:00,0.579,12.9
MAC003719,2012-10-17 19:30:00,0.274,13.18
MAC003719,2012-10-17 20:00:00,0.289,13.18
MAC003719,2012-10-17 20:30:00,1.012,13.11
MAC003719,2012-10-17 21:00:00,0.506,13.11
MAC003719,2012-10-17 21:30:00,0.373,13.12
MAC003719,2012-10-17 22:00:00,0.191,13.12
MAC003719,2012-10-17 22:30:00,0.234,12.71
MAC003719,2012-10-17 23:00:00,0.116,12.71
MAC003719,2012-10-17 23:30:00,0.149,13.09
MAC003719,2012-10-18 00:00:00,0.136,13.09
MAC003719,2012-10-18 00:30:00,0.13,13.08
MAC003719,2012-10-18 01:00:00,0.133,13.08
MAC003719,2012-10-18 01:30:00,0.113,12.67
MAC003719,2012-10-18 02:00:00,0.145,12.67
MAC003719,2012-10-18 02:30:00,0.095,12.69
MAC003719,2012-10-18 03:00:00,0.148,12.69
MAC003719,2012-10-18 03:30:00,0.084,12.66
MAC003719,2012-10-18 04:00:00,0.156,12.66
MAC003719,2012-10-18 04:30:00,0.075,12.99
MAC003719,2012-10-18 05:00:00,0.175,12.99
MAC003719,2012-10-18 05:30:00,0.332,12.59
MAC003719,2012-10-18 06:00:00,0.171,12.59
MAC003719,2012-10-18 06:30:00,0.083,12.15
MAC003719,2012-10-18 07:00:00,0.131,12.15
MAC003719,2012-10-18 07:30:00,0.13,12.73
MAC003719,2012-10-18 08:00:00,0.22,12.73
MAC003719,2012-10-18 08:30:00,0.198,13.67
MAC003719,2012-10-18 09:00:00,0.058,13.67
MAC003719,2012-10-18 09:30:00,0.116,14.63
MAC003719,2012-10-18 10:00:00,0.033,14.63
MAC003719,2012-10-18 10:30:00,0.197,14.79
MAC003719,2012-10-18 11:00:00,0.109,14.79
MAC003719,2012-10-18 11:30:00,0.239,15.21
MAC003719,2012-10-18 12:00:00,0.111,15.21
MAC003719,2012-10-18 12:30:00,0.081,15.43
MAC003719,2012-10-18 13:00:00,0.083,15.43
MAC003719,2012-10-18 13:30:00,0.074,15.85
MAC003719,2012-10-18 14:00:00,0.088,15.85
MAC003719,2012-10-18 14:30:00,0.067,16.04
MAC003719,2012-10-18 15:00:00,0.187,16.04
MAC003719,2012-10-18 15:30:00,0.413,15.1
MAC003719,2012-10-18 16:00:00,0.496,15.1
MAC003719,2012-10-18 16:30:00,0.629,14.11
MAC003719,2012-10-18 17:00:00,0.784,14.11
MAC003719,2012-10-18 17:30:00,0.438,14.05
MAC003719,2012-10-18 18:00:00,0.564,14.05
MAC003719,2012-10-18 18:30:00,0.667,14.03
MAC003719,2012-10-18 19:00:00,1.064,14.03
MAC003719,2012-10-18 19:30:00,0.574,14.02
MAC003719,2012-10-18 20:00:00,0.587,14.02
MAC003719,2012-10-18 20:30:00,0.728,13.69
MAC003719,2012-10-18 21:00:00,0.361,13.69
MAC003719,2012-10-18 21:30:00,0.527,13.6
MAC003719,2012-10-18 22:00:00,0.31,13.6
MAC003719,2012-10-18 22:30:00,0.126,13.21
MAC003719,2012-10-18 23:00:00,0.164,13.21
MAC003719,2012-10-18 23:30:00,0.087,12.93
MAC003719,2012-10-19 00:00:00,0.153,12.93
MAC003719,2012-10-19 00:30:00,0.087,12.48
MAC003719,2012-10-19 01:00:00,0.153,12.48
MAC003719,2012-10-19 01:30:00,0.085,12.4
MAC003719,2012-10-19 02:00:00,0.15,12.4
MAC003719,2012-10-19 02:30:00,0.085,11.98
MAC003719,2012-10-19 03:00:00,0.15,11.98
MAC003719,2012-10-19 03:30:00,0.085,11.98
MAC003719,2012-10-19 04:00:00,0.142,11.98
MAC003719,2012-10-19 04:30:00,0.103,12.03
MAC003719,2012-10-19 05:00:00,0.169,12.03
MAC003719,2012-10-19 05:30:00,0.215,11.99
MAC003719,2012-10-19 06:00:00,0.173,11.99
MAC003719,2012-10-19 06:30:00,0.071,12.01
MAC003719,2012-10-19 07:00:00,0.135,12.01
MAC003719,2012-10-19 07:30:00,0.25,12.49
MAC003719,2012-10-19 08:00:00,0.323,12.49
MAC003719,2012-10-19 08:30:00,0.205,12.92
MAC003719,2012-10-19 09:00:00,0.168,12.92
MAC003719,2012-10-19 09:30:00,0.161,12.99
MAC003719,2012-10-19 10:00:00,0.144,12.99
MAC003719,2012-10-19 10:30:00,0.409,13.01
MAC003719,2012-10-19 11:00:00,0.282,13.01
MAC003719,2012-10-19 11:30:00,0.169,12.92
MAC003719,2012-10-19 12:00:00,0.353,12.92
MAC003719,2012-10-19 12:30:00,0.365,12.5
MAC003719,2012-10-19 13:00:00,0.449,12.5
MAC003719,2012-10-19 13:30:00,0.477,12.13
MAC003719,2012-10-19 14:00:00,0.709,12.13
MAC003719,2012-10-19 14:30:00,0.172,12.51
MAC003719,2012-10-19 15:00:00,0.114,12.51
MAC003737,2012-10-18 10:00:00,0.293,14.63
MAC003737,2012-10-18 10:30:00,0.137,14.79
MAC003737,2012-10-18 11:00:00,0.148,14.79
MAC003737,2012-10-18 11:30:00,0.33,15.21
MAC003737,2012-10-18 12:00:00,0.161,15.21
MAC003737,2012-10-18 12:30:00,0.265,15.43
MAC003737,2012-10-18 13:00:00,0.859,15.43
MAC003737,2012-10-18 13:30:00,0.723,15.85
MAC003737,2012-10-18 14:00:00,0.296,15.85
MAC003737,2012-10-18 14:30:00,0.144,16.04
MAC003737,2012-10-18 15:00:00,0.123,16.04
MAC003737,2012-10-18 15:30:00,0.186,15.1
MAC003737,2012-10-18 16:00:00,0.783,15.1
MAC003737,2012-10-18 16:30:00,0.526,14.11
MAC003737,2012-10-18 17:00:00,0.882,14.11
MAC003737,2012-10-18 17:30:00,0.598,14.05
MAC003737,2012-10-18 18:00:00,0.624,14.05
MAC003737,2012-10-18 18:30:00,0.862,14.03
MAC003737,2012-10-18 19:00:00,0.244,14.03
MAC003737,2012-10-18 19:30:00,0.448,14.02
MAC003737,2012-10-18 20:00:00,0.294,14.02
MAC003737,2012-10-18 20:30:00,0.193,13.69
MAC003737,2012-10-18 21:00:00,0.193,13.69
MAC003737,2012-10-18 21:30:00,0.121,13.6
MAC003737,2012-10-18 22:00:00,0.107,13.6
MAC003737,2012-10-18 22:30:00,0.094,13.21
MAC003737,2012-10-18 23:00:00,0.087,13.21
MAC003737,2012-10-18 23:30:00,0.087,12.93
MAC003737,2012-10-19 00:00:00,0.084,12.93
MAC003737,2012-10-19 00:30:00,0.063,12.48
MAC003737,2012-10-19 01:00:00,0.062,12.48
MAC003737,2012-10-19 01:30:00,0.084,12.4
MAC003737,2012-10-19 02:00:00,0.06,12.4
MAC003737,2012-10-19 02:30:00,0.062,11.98
MAC003737,2012-10-19 03:00:00,0.07,11.98
MAC003737,2012-10-19 03:30:00,0.079,11.98
MAC003737,2012-10-19 04:00:00,0.06,11.98
MAC003737,2012-10-19 04:30:00,0.059,12.03
MAC003737,2012-10-19 05:00:00,0.077,12.03
MAC003737,2012-10-19 05:30:00,0.078,11.99
MAC003737,2012-10-19 06:00:00,0.064,11.99
MAC003737,2012-10-19 06:30:00,1.877,12.01
MAC003737,2012-10-19 07:00:00,0.122,12.01
MAC003737,2012-10-19 07:30:00,0.547,12.49
MAC003737,2012-10-19 08:00:00,0.306,12.49
MAC003737,2012-10-19 08:30:00,0.437,12.92
MAC003737,2012-10-19 09:00:00,0.156,12.92
MAC003737,2012-10-19 09:30:00,0.243,12.99
MAC003737,2012-10-19 10:00:00,0.182,12.99
MAC003737,2012-10-19 10:30:00,0.205,13.01
MAC003737,2012-10-19 11:00:00,0.121,13.01
MAC003737,2012-10-19 11:30:00,0.148,12.92
MAC003737,2012-10-19 12:00:00,0.412,12.92
MAC003737,2012-10-19 12:30:00,0.119,12.5
MAC003737,2012-10-19 13:00:00,0.125,12.5
MAC003737,2012-10-19 13:30:00,0.198,12.13
MAC003737,2012-10-19 14:00:00,0.233,12.13
MAC003737,2012-10-19 14:30:00,0.132,12.51
MAC003737,2012-10-19 15:00:00,0.228,12.51
MAC003737,2012-10-19 15:30:00,0.281,12.09
MAC003737,2012-10-19 16:00:00,1.296,12.09
MAC003737,2012-10-19 16:30:00,0.748,12.06
MAC003737,2012-10-19 17:00:00,0.35,12.06
MAC003737,2012-10-19 17:30:00,1.163,12.13
MAC003737,2012-10-19 18:00:00,0.853,12.13
MAC003737,2012-10-19 18:30:00,0.34,12.19
MAC003737,2012-10-19 19:00:00,0.17,12.19
MAC003737,2012-10-19 19:30:00,0.217,12.19
MAC003737,2012-10-19 20:00:00,0.113,12.19
MAC003737,2012-10-19 20:30:00,0.071,12.16
MAC003737,2012-10-19 21:00:00,0.069,12.16
MAC003737,2012-10-19 21:30:00,0.062,12.08
MAC003737,2012-10-19 22:00:00,0.056,12.08
MAC003737,2012-10-19 22:30:00,0.057,11.97
MAC003737,2012-10-19 23:00:00,0.07,11.97
MAC003737,2012-10-19 23:30:00,0.067,11.91
MAC003737,2012-10-20 00:00:00,0.057,11.91
MAC003737,2012-10-20 00:30:00,0.054,11.45
MAC003737,2012-10-20 01:00:00,0.058,11.45
MAC003737,2012-10-20 01:30:00,0.066,10.97
MAC003737,2012-10-20 02:00:00,0.07,10.97
MAC003737,2012-10-20 02:30:00,0.055,10.78
MAC003737,2012-10-20 03:00:00,0.054,10.78
MAC003737,2012-10-20 03:30:00,0.062,10.19
MAC003737,2012-10-20 04:00:00,0.066,10.19
MAC003737,2012-10-20 04:30:00,0.063,10.2
MAC003737,2012-10-20 05:00:00,0.079,10.2
MAC003737,2012-10-20 05:30:00,0.053,9.71
MAC003737,2012-10-20 06:00:00,0.059,9.71
MAC003737,2012-10-20 06:30:00,0.065,9.57
MAC003737,2012-10-20 07:00:00,0.057,9.57
MAC003737,2012-10-20 07:30:00,0.447,9.82
MAC003737,2012-10-20 08:00:00,0.347,9.82
MAC003737,2012-10-20 08:30:00,0.158,10.32
MAC003737,2012-10-20 09:00:00,0.349,10.32
MAC003737,2012-10-20 09:30:00,0.527,11.41
MAC003737,2012-10-20 10:00:00,0.309,11.41
MAC003737,2012-10-20 10:30:00,0.323,12.45
MAC003737,2012-10-20 11:00:00,0.243,12.45
MAC003737,2012-10-20 11:30:00,0.244,13.06
MAC003740,2012-10-18 11:00:00,0.07,14.79
MAC003740,2012-10-18 11:30:00,0.074,15.21
MAC003740,2012-10-18 12:00:00,0.043,15.21
MAC003740,2012-10-18 12:30:00,0.108,15.43
MAC003740,2012-10-18 13:00:00,0.067,15.43
MAC003740,2012-10-18 13:30:00,0.061,15.85
MAC003740,2012-10-18 14:00:00,0.09,15.85
MAC003740,2012-10-18 14:30:00,0.046,16.04
MAC003740,2012-10-18 15:00:00,0.049,16.04
MAC003740,2012-10-18 15:30:00,0.081,15.1
MAC003740,2012-10-18 16:00:00,0.082,15.1
MAC003740,2012-10-18 16:30:00,0.129,14.11
MAC003740,2012-10-18 17:00:00,0.095,14.11
MAC003740,2012-10-18 17:30:00,0.105,14.05
MAC003740,2012-10-18 18:00:00,0.096,14.05
MAC003740,2012-10-18 18:30:00,0.114,14.03
MAC003740,2012-10-18 19:00:00,0.26,14.03
MAC003740,2012-10-18 19:30:00,0.2,14.02
MAC003740,2012-10-18 20:00:00,0.169,14.02
MAC003740,2012-10-18 20:30:00,0.173,13.69
MAC003740,2012-10-18 21:00:00,0.132,13.69
MAC003740,2012-10-18 21:30:00,0.141,13.6
MAC003740,2012-10-18 22:00:00,0.168,13.6
MAC003740,2012-10-18 22:30:00,0.098,13.21
MAC003740,2012-10-18 23:00:00,0.046,13.21
MAC003740,2012-10-18 23:30:00,0.057,12.93
MAC003740,2012-10-19 00:00:00,0.031,12.93
MAC003740,2012-10-19 00:30:00,0.053,12.48
MAC003740,2012-10-19 01:00:00,0.049,12.48
MAC003740,2012-10-19 01:30:00,0.024,12.4
MAC003740,2012-10-19 02:00:00,0.058,12.4
MAC003740,2012-10-19 02:30:00,0.052,11.98
MAC003740,2012-10-19 03:00:00,0.037,11.98
MAC003740,2012-10-19 03:30:00,0.081,11.98
MAC003740,2012-10-19 04:00:00,0.04,11.98
MAC003740,2012-10-19 04:30:00,0.05,12.03
MAC003740,2012-10-19 05:00:00,0.069,12.03
MAC003740,2012-10-19 05:30:00,0.07,11.99
MAC003740,2012-10-19 06:00:00,0.104,11.99
MAC003740,2012-10-19 06:30:00,0.235,12.01
MAC003740,2012-10-19 07:00:00,0.109,12.01
MAC003740,2012-10-19 07:30:00,0.267,12.49
MAC003740,2012-10-19 08:00:00,0.466,12.49
MAC003740,2012-10-19 08:30:00,0.553,12.92
MAC003740,2012-10-19 09:00:00,0.655,12.92
MAC003740,2012-10-19 09:30:00,0.473,12.99
MAC003740,2012-10-19 10:00:00,0.119,12.99
MAC003740,2012-10-19 10:30:00,0.063,13.01
MAC003740,2012-10-19 11:00:00,0.028,13.01
MAC003740,2012-10-19 11:30:00,0.054,12.92
MAC003740,2012-10-19 12:00:00,0.054,12.92
MAC003740,2012-10-19 12:30:00,0.027,12.5
MAC003740,2012-10-19 13:00:00,0.06,12.5
MAC003740,2012-10-19 13:30:00,0.045,12.13
MAC003740,2012-10-19 14:00:00,0.028,12.13
MAC003740,2012-10-19 14:30:00,0.066,12.51
MAC003740,2012-10-19 15:00:00,0.038,12.51
MAC003740,2012-10-19 15:30:00,0.078,12.09
MAC003740,2012-10-19 16:00:00,0.186,12.09
MAC003740,2012-10-19 16:30:00,0.154,12.06
MAC003740,2012-10-19 17:00:00,0.195,12.06
MAC003740,2012-10-19 17:30:00,0.181,12.13
MAC003740,2012-10-19 18:00:00,0.133,12.13
MAC003740,2012-10-19 18:30:00,0.645,12.19
MAC003740,2012-10-19 19:00:00,0.469,12.19
MAC003740,2012-10-19 19:30:00,0.192,12.19
MAC003740,2012-10-19 20:00:00,0.22,12.19
MAC003740,2012-10-19 20:30:00,0.187,12.16
MAC003740,2012-10-19 21:00:00,0.144,12.16
MAC003740,2012-10-19 21:30:00,0.166,12.08
MAC003740,2012-10-19 22:00:00,0.195,12.08
MAC003740,2012-10-19 22:30:00,0.104,11.97
MAC003740,2012-10-19 23:00:00,0.114,11.97
MAC003740,2012-10-19 23:30:00,0.113,11.91
MAC003740,2012-10-20 00:00:00,0.029,11.91
MAC003740,2012-10-20 00:30:00,0.047,11.45
MAC003740,2012-10-20 01:00:00,0.056,11.45
MAC003740,2012-10-20 01:30:00,0.028,10.97
MAC003740,2012-10-20 02:00:00,0.056,10.97
MAC003740,2012-10-20 02:30:00,0.06,10.78
MAC003740,2012-10-20 03:00:00,0.05,10.78
MAC003740,2012-10-20 03:30:00,0.08,10.19
MAC003740,2012-10-20 04:00:00,0.044,10.19
MAC003740,2012-10-20 04:30:00,0.052,10.2
MAC003740,2012-10-20 05:00:00,0.072,10.2
MAC003740,2012-10-20 05:30:00,0.071,9.71
MAC003740,2012-10-20 06:00:00,0.104,9.71
MAC003740,2012-10-20 06:30:00,0.279,9.57
MAC003740,2012-10-20 07:00:00,0.178,9.57
MAC003740,2012-10-20 07:30:00,0.209,9.82
MAC003740,2012-10-20 08:00:00,0.699,9.82
MAC003740,2012-10-20 08:30:00,0.31,10.32
MAC003740,2012-10-20 09:00:00,0.165,10.32
MAC003740,2012-10-20 09:30:00,0.107,11.41
MAC003740,2012-10-20 10:00:00,0.11,11.41
MAC003740,2012-10-20 10:30:00,0.138,12.45
MAC003740,2012-10-20 11:00:00,0.09,12.45
MAC003740,2012-10-20 11:30:00,0.093,13.06
MAC003740,2012-10-20 12:00:00,0.035,13.06
MAC003740,2012-10-20 12:30:00,0.048,13.97
MAC003775,2012-10-19 12:30:00,0.342,12.5
MAC003775,2012-10-19 13:00:00,0.182,12.5
MAC003775,2012-10-19 13:30:00,0.218,12.13
MAC003775,2012-10-19 14:00:00,0.233,12.13
MAC003775,2012-10-19 14:30:00,0.229,12.51
MAC003775,2012-10-19 15:00:00,0.511,12.51
MAC003775,2012-10-19 15:30:00,2.5120001,12.09
MAC003775,2012-10-19 16:00:00,2.0610001,12.09
MAC003775,2012-10-19 16:30:00,1.136,12.06
MAC003775,2012-10-19 17:00:00,1.0369999,12.06
MAC003775,2012-10-19 17:30:00,1.308,12.13
MAC003775,2012-10-19 18:00:00,0.994,12.13
MAC003775,2012-10-19 18:30:00,1.091,12.19
MAC003775,2012-10-19 19:00:00,0.917,12.19
MAC003775,2012-10-19 19:30:00,0.555,12.19
MAC003775,2012-10-19 20:00:00,1.234,12.19
MAC003775,2012-10-19 20:30:00,0.599,12.16
MAC003775,2012-10-19 21:00:00,0.564,12.16
MAC003775,2012-10-19 21:30:00,0.912,12.08
MAC003775,2012-10-19 22:00:00,1.117,12.08
MAC003775,2012-10-19 22:30:00,1.446,11.97
MAC003775,2012-10-19 23:00:00,1.612,11.97
MAC003775,2012-10-19 23:30:00,0.447,11.91
MAC003775,2012-10-20 00:00:00,0.185,11.91
MAC003775,2012-10-20 00:30:00,0.168,11.45
MAC003775,2012-10-20 01:00:00,0.128,11.45
MAC003775,2012-10-20 01:30:00,0.157,10.97
MAC003775,2012-10-20 02:00:00,0.199,10.97
MAC003775,2012-10-20 02:30:00,0.126,10.78
MAC003775,2012-10-20 03:00:00,0.159,10.78
MAC003775,2012-10-20 03:30:00,0.117,10.19
MAC003775,2012-10-20 04:00:00,0.562,10.19
MAC003775,2012-10-20 04:30:00,1.041,10.2
MAC003775,2012-10-20 05:00:00,0.548,10.2
MAC003775,2012-10-20 05:30:00,0.161,9.71
MAC003775,2012-10-20 06:00:00,0.125,9.71
MAC003775,2012-10-20 06:30:00,0.239,9.57
MAC003775,2012-10-20 07:00:00,0.386,9.57
MAC003775,2012-10-20 07:30:00,0.156,9.82
MAC003775,2012-10-20 08:00:00,0.271,9.82
MAC003775,2012-10-20 08:30:00,0.13,10.32
MAC003775,2012-10-20 09:00:00,0.214,10.32
MAC003775,2012-10-20 09:30:00,1.243,11.41
MAC003775,2012-10-20 10:00:00,1.021,11.41
MAC003775,2012-10-20 10:30:00,0.127,12.45
MAC003775,2012-10-20 11:00:00,0.112,12.45
MAC003775,2012-10-20 11:30:00,0.443,13.06
MAC003775,2012-10-20 12:00:00,0.229,13.06
MAC003775,2012-10-20 12:30:00,0.115,13.97
MAC003775,2012-10-20 13:00:00,0.207,13.97
MAC003775,2012-10-20 13:30:00,0.096,14.01
MAC003775,2012-10-20 14:00:00,0.11,14.01
MAC003775,2012-10-20 14:30:00,0.813,13.6
MAC003775,2012-10-20 15:00:00,1.983,13.6
MAC003775,2012-10-20 15:30:00,1.473,12.67
MAC003775,2012-10-20 16:00:00,1.209,12.67
MAC003775,2012-10-20 16:30:00,2.3380001,12.56
MAC003775,2012-10-20 17:00:00,1.7029999,12.56
MAC003775,2012-10-20 17:30:00,1.498,12.83
MAC003775,2012-10-20 18:00:00,1.115,12.83
MAC003775,2012-10-20 18:30:00,0.415,12.35
MAC003775,2012-10-20 19:00:00,0.996,12.35
MAC003775,2012-10-20 19:30:00,0.378,11.91
MAC003775,2012-10-20 20:00:00,0.357,11.91
MAC003775,2012-10-20 20:30:00,1.373,11.47
MAC003775,2012-10-20 21:00:00,1.1799999,11.47
MAC003775,2012-10-20 21:30:00,1.848,11.32
MAC003775,2012-10-20 22:00:00,1.37,11.32
MAC003775,2012-10-20 22:30:00,0.666,11.28
MAC003775,2012-10-20 23:00:00,0.323,11.28
MAC003775,2012-10-20 23:30:00,0.238,10.87
MAC003775,2012-10-21 00:00:00,0.149,10.87
MAC003775,2012-10-21 00:30:00,0.126,10.66
MAC003775,2012-10-21 01:00:00,0.107,10.66
MAC003775,2012-10-21 01:30:00,0.119,10.31
MAC003775,2012-10-21 02:00:00,0.111,10.31
MAC003775,2012-10-21 02:30:00,0.591,10.21
MAC003775,2012-10-21 03:00:00,1.049,10.21
MAC003775,2012-10-21 03:30:00,0.553,10.22
MAC003775,2012-10-21 04:00:00,0.135,10.22
MAC003775,2012-10-21 04:30:00,0.107,10.21
MAC003775,2012-10-21 05:00:00,0.145,10.21
MAC003775,2012-10-21 05:30:00,0.121,10.19
MAC003775,2012-10-21 06:00:00,0.15,10.19
MAC003775,2012-10-21 06:30:00,0.208,10.24
MAC003775,2012-10-21 07:00:00,0.345,10.24
MAC003775,2012-10-21 07:30:00,0.704,10.4
MAC003775,2012-10-21 08:00:00,1.04,10.4
MAC003775,2012-10-21 08:30:00,0.509,10.88
MAC003775,2012-10-21 09:00:00,0.755,10.88
MAC003775,2012-10-21 09:30:00,0.471,11.43
MAC003775,2012-10-21 10:00:00,0.311,11.43
MAC003775,2012-10-21 10:30:00,0.992,11.91
MAC003775,2012-10-21 11:00:00,0.451,11.91
MAC003775,2012-10-21 11:30:00,0.816,12.41
MAC003775,2012-10-21 12:00:00,1.431,12.41
MAC003775,2012-10-21 12:30:00,0.188,12.4
MAC003775,2012-10-21 13:00:00,1.031,12.4
MAC003775,2012-10-21 13:30:00,1.181,12.39
MAC003775,2012-10-21 14:00:00,2.194,12.39
MAC003805,2012-10-22 11:30:00,0.281,14.27
MAC003805,2012-10-22 12:00:00,0.202,14.27
MAC003805,2012-10-22 12:30:00,0.145,14.32
MAC003805,2012-10-22 13:00:00,0.292,14.32
MAC003805,2012-10-22 13:30:00,0.267,14.46
MAC003805,2012-10-22 14:00:00,0.424,14.46
MAC003805,2012-10-22 14:30:00,0.201,14.73
MAC003805,2012-10-22 15:00:00,0.295,14.73
MAC003805,2012-10-22 15:30:00,0.271,14.63
MAC003805,2012-10-22 16:00:00,0.264,14.63
MAC003805,2012-10-22 16:30:00,0.326,14.61
MAC003805,2012-10-22 17:00:00,0.323,14.61
MAC003805,2012-10-22 17:30:00,0.367,14.57
MAC003805,2012-10-22 18:00:00,0.736,14.57
MAC003805,2012-10-22 18:30:00,1.528,14.56
MAC003805,2012-10-22 19:00:00,1.156,14.56
MAC003805,2012-10-22 19:30:00,0.788,14.56
MAC003805,2012-10-22 20:00:00,0.575,14.56
MAC003805,2012-10-22 20:30:00,0.591,14.12
MAC003805,2012-10-22 21:00:00,0.533,14.12
MAC003805,2012-10-22 21:30:00,0.339,14.08
MAC003805,2012-10-22 22:00:00,0.305,14.08
MAC003805,2012-10-22 22:30:00,0.24,14.05
MAC003805,2012-10-22 23:00:00,0.233,14.05
MAC003805,2012-10-22 23:30:00,0.235,13.67
MAC003805,2012-10-23 00:00:00,0.234,13.67
MAC003805,2012-10-23 00:30:00,0.152,13.57
MAC003805,2012-10-23 01:00:00,0.109,13.57
MAC003805,2012-10-23 01:30:00,0.096,13.57
MAC003805,2012-10-23 02:00:00,0.051,13.57
MAC003805,2012-10-23 02:30:00,0.119,13.14
MAC003805,2012-10-23 03:00:00,0.063,13.14
MAC003805,2012-10-23 03:30:00,0.089,13.01
MAC003805,2012-10-23 04:00:00,0.095,13.01
MAC003805,2012-10-23 04:30:00,0.059,12.98
MAC003805,2012-10-23 05:00:00,0.101,12.98
MAC003805,2012-10-23 05:30:00,0.066,12.54
MAC003805,2012-10-23 06:00:00,0.084,12.54
MAC003805,2012-10-23 06:30:00,0.13,12.51
MAC003805,2012-10-23 07:00:00,0.141,12.51
MAC003805,2012-10-23 07:30:00,0.098,12.46
MAC003805,2012-10-23 08:00:00,0.484,12.46
MAC003805,2012-10-23 08:30:00,0.316,12.49
MAC003805,2012-10-23 09:00:00,0.243,12.49
MAC003805,2012-10-23 09:30:00,0.277,12.51
MAC003805,2012-10-23 10:00:00,0.288,12.51
MAC003805,2012-10-23 10:30:00,0.315,12.7
MAC003805,2012-10-23 11:00:00,0.265,12.7
MAC003805,2012-10-23 11:30:00,0.209,12.94
MAC003805,2012-10-23 12:00:00,0.331,12.94
MAC003805,2012-10-23 12:30:00,0.317,13.08
MAC003805,2012-10-23 13:00:00,0.254,13.08
MAC003805,2012-10-23 13:30:00,0.279,13.13
MAC003805,2012-10-23 14:00:00,0.335,13.13
MAC003805,2012-10-23 14:30:00,0.327,13.41
MAC003805,2012-10-23 15:00:00,0.224,13.41
MAC003805,2012-10-23 15:30:00,0.124,13.51
MAC003805,2012-10-23 16:00:00,0.215,13.51
MAC003805,2012-10-23 16:30:00,0.115,13.51
MAC003805,2012-10-23 17:00:00,0.239,13.51
MAC003805,2012-10-23 17:30:00,0.55,13.48
MAC003805,2012-10-23 18:00:00,0.553,13.48
MAC003805,2012-10-23 18:30:00,0.579,13.52
MAC003805,2012-10-23 19:00:00,0.512,13.52
MAC003805,2012-10-23 19:30:00,0.414,13.47
MAC003805,2012-10-23 20:00:00,0.457,13.47
MAC003805,2012-10-23 20:30:00,0.372,13.5
MAC003805,2012-10-23 21:00:00,0.395,13.5
MAC003805,2012-10-23 21:30:00,0.392,13.47
MAC003805,2012-10-23 22:00:00,0.264,13.47
MAC003805,2012-10-23 22:30:00,0.287,13.53
MAC003805,2012-10-23 23:00:00,0.244,13.53
MAC003805,2012-10-23 23:30:00,0.248,13.13
MAC003805,2012-10-24 00:00:00,0.278,13.13
MAC003805,2012-10-24 00:30:00,0.159,13.57
MAC003805,2012-10-24 01:00:00,0.144,13.57
MAC003805,2012-10-24 01:30:00,0.117,13.54
MAC003805,2012-10-24 02:00:00,0.087,13.54
MAC003805,2012-10-24 02:30:00,0.106,13.45
MAC003805,2012-10-24 03:00:00,0.103,13.45
MAC003805,2012-10-24 03:30:00,0.069,13.45
MAC003805,2012-10-24 04:00:00,0.097,13.45
MAC003805,2012-10-24 04:30:00,0.091,13.09
MAC003805,2012-10-24 05:00:00,0.076,13.09
MAC003805,2012-10-24 05:30:00,0.087,13.08
MAC003805,2012-10-24 06:00:00,0.085,13.08
MAC003805,2012-10-24 06:30:00,0.131,13.13
MAC003805,2012-10-24 07:00:00,0.156,13.13
MAC003805,2012-10-24 07:30:00,0.146,13.54
MAC003805,2012-10-24 08:00:00,0.356,13.54
MAC003805,2012-10-24 08:30:00,0.301,14.08
MAC003805,2012-10-24 09:00:00,0.259,14.08
MAC003805,2012-10-24 09:30:00,0.296,14.59
MAC003805,2012-10-24 10:00:00,0.284,14.59
MAC003805,2012-10-24 10:30:00,1.022,14.91
MAC003805,2012-10-24 11:00:00,0.44,14.91
MAC003805,2012-10-24 11:30:00,0.321,15.18
MAC003805,2012-10-24 12:00:00,0.704,15.18
MAC003805,2012-10-24 12:30:00,0.668,15.7
MAC003805,2012-10-24 13:00:00,0.301,15.7
MAC003817,2012-10-22 14:30:00,0.684,14.73
MAC003817,2012-10-22 15:00:00,0.909,14.73
MAC003817,2012-10-22 15:30:00,0.7,14.63
MAC003817,2012-10-22 16:00:00,0.331,14.63
MAC003817,2012-10-22 16:30:00,0.388,14.61
MAC003817,2012-10-22 17:00:00,0.748,14.61
MAC003817,2012-10-22 17:30:00,0.767,14.57
MAC003817,2012-10-22 18:00:00,1.084,14.57
MAC003817,2012-10-22 18:30:00,0.456,14.56
MAC003817,2012-10-22 19:00:00,0.598,14.56
MAC003817,2012-10-22 19:30:00,0.667,14.56
MAC003817,2012-10-22 20:00:00,0.864,14.56
MAC003817,2012-10-22 20:30:00,1.251,14.12
MAC003817,2012-10-22 21:00:00,1.084,14.12
MAC003817,2012-10-22 21:30:00,0.828,14.08
MAC003817,2012-10-22 22:00:00,1.331,14.08
MAC003817,2012-10-22 22:30:00,0.74,14.05
MAC003817,2012-10-22 23:00:00,1.307,14.05
MAC003817,2012-10-22 23:30:00,0.501,13.67
MAC003817,2012-10-23 00:00:00,0.292,13.67
MAC003817,2012-10-23 00:30:00,0.256,13.57
MAC003817,2012-10-23 01:00:00,0.746,13.57
MAC003817,2012-10-23 01:30:00,0.477,13.57
MAC003817,2012-10-23 02:00:00,0.112,13.57
MAC003817,2012-10-23 02:30:00,0.517,13.14
MAC003817,2012-10-23 03:00:00,0.538,13.14
MAC003817,2012-10-23 03:30:00,0.293,13.01
MAC003817,2012-10-23 04:00:00,0.546,13.01
MAC003817,2012-10-23 04:30:00,0.522,12.98
MAC003817,2012-10-23 05:00:00,0.074,12.98
MAC003817,2012-10-23 05:30:00,0.836,12.54
MAC003817,2012-10-23 06:00:00,0.446,12.54
MAC003817,2012-10-23 06:30:00,0.362,12.51
MAC003817,2012-10-23 07:00:00,0.636,12.51
MAC003817,2012-10-23 07:30:00,0.902,12.46
MAC003817,2012-10-23 08:00:00,1.15,12.46
MAC003817,2012-10-23 08:30:00,0.542,12.49
MAC003817,2012-10-23 09:00:00,0.659,12.49
MAC003817,2012-10-23 09:30:00,0.346,12.51
MAC003817,2012-10-23 10:00:00,0.408,12.51
MAC003817,2012-10-23 10:30:00,0.836,12.7
MAC003817,2012-10-23 11:00:00,0.492,12.7
MAC003817,2012-10-23 11:30:00,0.069,12.94
MAC003817,2012-10-23 12:00:00,0.765,12.94
MAC003817,2012-10-23 12:30:00,0.57,13.08
MAC003817,2012-10-23 13:00:00,0.506,13.08
MAC003817,2012-10-23 13:30:00,0.478,13.13
MAC003817,2012-10-23 14:00:00,0.535,13.13
MAC003817,2012-10-23 14:30:00,0.775,13.41
MAC003817,2012-10-23 15:00:00,0.263,13.41
MAC003817,2012-10-23 15:30:00,0.138,13.51
MAC003817,2012-10-23 16:00:00,0.166,13.51
MAC003817,2012-10-23 16:30:00,0.173,13.51
MAC003817,2012-10-23 17:00:00,0.518,13.51
MAC003817,2012-10-23 17:30:00,0.408,13.48
MAC003817,2012-10-23 18:00:00,0.79,13.48
MAC003817,2012-10-23 18:30:00,0.586,13.52
MAC003817,2012-10-23 19:00:00,0.599,13.52
MAC003817,2012-10-23 19:30:00,0.723,13.47
MAC003817,2012-10-23 20:00:00,0.772,13.47
MAC003817,2012-10-23 20:30:00,1.3940001,13.5
MAC003817,2012-10-23 21:00:00,1.278,13.5
MAC003817,2012-10-23 21:30:00,1.6390001,13.47
MAC003817,2012-10-23 22:00:00,0.417,13.47
MAC003817,2012-10-23 22:30:00,0.807,13.53
MAC003817,2012-10-23 23:00:00,0.871,13.53
MAC003817,2012-10-23 23:30:00,0.35,13.13
MAC003817,2012-10-24 00:00:00,0.562,13.13
MAC003817,2012-10-24 00:30:00,0.276,13.57
MAC003817,2012-10-24 01:00:00,0.331,13.57
MAC003817,2012-10-24 01:30:00,0.534,13.54
MAC003817,2012-10-24 02:00:00,0.362,13.54
MAC003817,2012-10-24 02:30:00,0.52,13.45
MAC003817,2012-10-24 03:00:00,0.559,13.45
MAC003817,2012-10-24 03:30:00,0.043,13.45
MAC003817,2012-10-24 04:00:00,0.803,13.45
MAC003817,2012-10-24 04:30:00,0.546,13.09
MAC003817,2012-10-24 05:00:00,0.065,13.09
MAC003817,2012-10-24 05:30:00,0.537,13.08
MAC003817,2012-10-24 06:00:00,0.775,13.08
MAC003817,2012-10-24 06:30:00,0.078,13.13
MAC003817,2012-10-24 07:00:00,0.798,13.13
MAC003817,2012-10-24 07:30:00,0.636,13.54
MAC003817,2012-10-24 08:00:00,1.1720001,13.54
MAC003817,2012-10-24 08:30:00,0.639,14.08
MAC003817,2012-10-24 09:00:00,0.505,14.08
MAC003817,2012-10-24 09:30:00,0.609,14.59
MAC003817,2012-10-24 10:00:00,0.417,14.59
MAC003817,2012-10-24 10:30:00,0.56,14.91
MAC003817,2012-10-24 11:00:00,0.749,14.91
MAC003817,2012-10-24 11:30:00,0.013,15.18
MAC003817,2012-10-24 12:00:00,0.678,15.18
MAC003817,2012-10-24 12:30:00,0.67,15.7
MAC003817,2012-10-24 13:00:00,0.343,15.7
MAC003817,2012-10-24 13:30:00,0.166,16.18
MAC003817,2012-10-24 14:00:00,0.452,16.18
MAC003817,2012-10-24 14:30:00,0.42,16.1
MAC003817,2012-10-24 15:00:00,0.0,16.1
MAC003817,2012-10-24 15:30:00,0.24,15.53
MAC003817,2012-10-24 16:00:00,0.041,15.53
MAC003826,2012-10-23 09:30:00,0.406,12.51
MAC003826,2012-10-23 10:00:00,0.359,12.51
MAC003826,2012-10-23 10:30:00,0.169,12.7
MAC003826,2012-10-23 11:00:00,0.113,12.7
MAC003826,2012-10-23 11:30:00,0.069,12.94
MAC003826,2012-10-23 12:00:00,0.726,12.94
MAC003826,2012-10-23 12:30:00,0.753,13.08
MAC003826,2012-10-23 13:00:00,0.349,13.08
MAC003826,2012-10-23 13:30:00,0.206,13.13
MAC003826,2012-10-23 14:00:00,0.098,13.13
MAC003826,2012-10-23 14:30:00,0.095,13.41
MAC003826,2012-10-23 15:00:00,0.127,13.41
MAC003826,2012-10-23 15:30:00,0.106,13.51
MAC003826,2012-10-23 16:00:00,0.129,13.51
MAC003826,2012-10-23 16:30:00,0.098,13.51
MAC003826,2012-10-23 17:00:00,0.074,13.51
MAC003826,2012-10-23 17:30:00,0.193,13.48
MAC003826,2012-10-23 18:00:00,0.34,13.48
MAC003826,2012-10-23 18:30:00,0.165,13.52
MAC003826,2012-10-23 19:00:00,0.25,13.52
MAC003826,2012-10-23 19:30:00,1.572,13.47
MAC003826,2012-10-23 20:00:00,0.339,13.47
MAC003826,2012-10-23 20:30:00,0.212,13.5
MAC003826,2012-10-23 21:00:00,0.224,13.5
MAC003826,2012-10-23 21:30:00,0.169,13.47
MAC003826,2012-10-23 22:00:00,0.136,13.47
MAC003826,2012-10-23 22:30:00,0.092,13.53
MAC003826,2012-10-23 23:00:00,0.116,13.53
MAC003826,2012-10-23 23:30:00,0.08,13.13
MAC003826,2012-10-24 00:00:00,0.068,13.13
MAC003826,2012-10-24 00:30:00,0.097,13.57
MAC003826,2012-10-24 01:00:00,0.214,13.57
MAC003826,2012-10-24 01:30:00,0.246,13.54
MAC003826,2012-10-24 02:00:00,0.499,13.54
MAC003826,2012-10-24 02:30:00,0.1,13.45
MAC003826,2012-10-24 03:00:00,0.519,13.45
MAC003826,2012-10-24 03:30:00,0.496,13.45
MAC003826,2012-10-24 04:00:00,0.194,13.45
MAC003826,2012-10-24 04:30:00,0.081,13.09
MAC003826,2012-10-24 05:00:00,0.074,13.09
MAC003826,2012-10-24 05:30:00,0.061,13.08
MAC003826,2012-10-24 06:00:00,0.088,13.08
MAC003826,2012-10-24 06:30:00,0.394,13.13
MAC003826,2012-10-24 07:00:00,0.164,13.13
MAC003826,2012-10-24 07:30:00,0.112,13.54
MAC003826,2012-10-24 08:00:00,0.06,13.54
MAC003826,2012-10-24 08:30:00,0.08,14.08
MAC003826,2012-10-24 09:00:00,0.076,14.08
MAC003826,2012-10-24 09:30:00,0.06,14.59
MAC003826,2012-10-24 10:00:00,0.085,14.59
MAC003826,2012-10-24 10:30:00,0.07,14.91
MAC003826,2012-10-24 11:00:00,0.06,14.91
MAC003826,2012-10-24 11:30:00,0.091,15.18
MAC003826,2012-10-24 12:00:00,0.063,15.18
MAC003826,2012-10-24 12:30:00,0.061,15.7
MAC003826,2012-10-24 13:00:00,0.094,15.7
MAC003826,2012-10-24 13:30:00,0.061,16.18
MAC003826,2012-10-24 14:00:00,0.165,16.18
MAC003826,2012-10-24 14:30:00,0.089,16.1
MAC003826,2012-10-24 15:00:00,0.06,16.1
MAC003826,2012-10-24 15:30:00,0.1,15.53
MAC003826,2012-10-24 16:00:00,0.113,15.53
MAC003826,2012-10-24 16:30:00,0.425,14.81
MAC003826,2012-10-24 17:00:00,0.143,14.81
MAC003826,2012-10-24 17:30:00,0.111,14.01
MAC003826,2012-10-24 18:00:00,0.309,14.01
MAC003826,2012-10-24 18:30:00,0.433,14.0
MAC003826,2012-10-24 19:00:00,0.128,14.0
MAC003826,2012-10-24 19:30:00,0.112,13.98
MAC003826,2012-10-24 20:00:00,0.3,13.98
MAC003826,2012-10-24 20:30:00,0.245,13.99
MAC003826,2012-10-24 21:00:00,0.165,13.99
MAC003826,2012-10-24 21:30:00,0.198,13.92
MAC003826,2012-10-24 22:00:00,0.14,13.92
MAC003826,2012-10-24 22:30:00,0.328,13.6
MAC003826,2012-10-24 23:00:00,0.126,13.6
MAC003826,2012-10-24 23:30:00,0.061,13.58
MAC003826,2012-10-25 00:00:00,0.098,13.58
MAC003826,2012-10-25 00:30:00,0.077,13.61
MAC003826,2012-10-25 01:00:00,0.087,13.61
MAC003826,2012-10-25 01:30:00,0.085,13.21
MAC003826,2012-10-25 02:00:00,0.071,13.21
MAC003826,2012-10-25 02:30:00,0.205,13.13
MAC003826,2012-10-25 03:00:00,0.295,13.13
MAC003826,2012-10-25 03:30:00,0.065,13.1
MAC003826,2012-10-25 04:00:00,0.064,13.1
MAC003826,2012-10-25 04:30:00,0.092,13.06
MAC003826,2012-10-25 05:00:00,0.06,13.06
MAC003826,2012-10-25 05:30:00,0.07,12.97
MAC003826,2012-10-25 06:00:00,0.266,12.97
MAC003826,2012-10-25 06:30:00,0.347,12.94
MAC003826,2012-10-25 07:00:00,0.159,12.94
MAC003826,2012-10-25 07:30:00,0.077,13.28
MAC003826,2012-10-25 08:00:00,0.06,13.28
MAC003826,2012-10-25 08:30:00,0.093,12.89
MAC003826,2012-10-25 09:00:00,0.06,12.89
MAC003826,2012-10-25 09:30:00,0.063,12.51
MAC003826,2012-10-25 10:00:00,0.089,12.51
MAC003826,2012-10-25 10:30:00,0.06,12.51
MAC003826,2012-10-25 11:00:00,0.07,12.51
MAC003844,2012-10-24 08:00:00,0.351,13.54
MAC003844,2012-10-24 08:30:00,1.104,14.08
MAC003844,2012-10-24 09:00:00,0.258,14.08
MAC003844,2012-10-24 09:30:00,0.838,14.59
MAC003844,2012-10-24 10:00:00,0.065,14.59
MAC003844,2012-10-24 10:30:00,0.097,14.91
MAC003844,2012-10-24 11:00:00,0.115,14.91
MAC003844,2012-10-24 11:30:00,0.101,15.18
MAC003844,2012-10-24 12:00:00,0.081,15.18
MAC003844,2012-10-24 12:30:00,0.077,15.7
MAC003844,2012-10-24 13:00:00,0.067,15.7
MAC003844,2012-10-24 13:30:00,0.06,16.18
MAC003844,2012-10-24 14:00:00,0.071,16.18
MAC003844,2012-10-24 14:30:00,0.112,16.1
MAC003844,2012-10-24 15:00:00,0.107,16.1
MAC003844,2012-10-24 15:30:00,0.092,15.53
MAC003844,2012-10-24 16:00:00,0.073,15.53
MAC003844,2012-10-24 16:30:00,0.075,14.81
MAC003844,2012-10-24 17:00:00,0.058,14.81
MAC003844,2012-10-24 17:30:00,0.057,14.01
MAC003844,2012-10-24 18:00:00,0.085,14.01
MAC003844,2012-10-24 18:30:00,0.12,14.0
MAC003844,2012-10-24 19:00:00,0.453,14.0
MAC003844,2012-10-24 19:30:00,0.455,13.98
MAC003844,2012-10-24 20:00:00,0.464,13.98
MAC003844,2012-10-24 20:30:00,0.428,13.99
MAC003844,2012-10-24 21:00:00,0.413,13.99
MAC003844,2012-10-24 21:30:00,0.605,13.92
MAC003844,2012-10-24 22:00:00,0.446,13.92
MAC003844,2012-10-24 22:30:00,0.383,13.6
MAC003844,2012-10-24 23:00:00,0.306,13.6
MAC003844,2012-10-24 23:30:00,0.121,13.58
MAC003844,2012-10-25 00:00:00,0.089,13.58
MAC003844,2012-10-25 00:30:00,0.053,13.61
MAC003844,2012-10-25 01:00:00,0.066,13.61
MAC003844,2012-10-25 01:30:00,0.072,13.21
MAC003844,2012-10-25 02:00:00,0.054,13.21
MAC003844,2012-10-25 02:30:00,0.084,13.13
MAC003844,2012-10-25 03:00:00,0.117,13.13
MAC003844,2012-10-25 03:30:00,0.105,13.1
MAC003844,2012-10-25 04:00:00,0.055,13.1
MAC003844,2012-10-25 04:30:00,0.066,13.06
MAC003844,2012-10-25 05:00:00,0.074,13.06
MAC003844,2012-10-25 05:30:00,0.097,12.97
MAC003844,2012-10-25 06:00:00,0.087,12.97
MAC003844,2012-10-25 06:30:00,0.412,12.94
MAC003844,2012-10-25 07:00:00,0.632,12.94
MAC003844,2012-10-25 07:30:00,0.571,13.28
MAC003844,2012-10-25 08:00:00,0.344,13.28
MAC003844,2012-10-25 08:30:00,0.083,12.89
MAC003844,2012-10-25 09:00:00,0.058,12.89
MAC003844,2012-10-25 09:30:00,0.069,12.51
MAC003844,2012-10-25 10:00:00,0.078,12.51
MAC003844,2012-10-25 10:30:00,0.086,12.51
MAC003844,2012-10-25 11:00:00,0.106,12.51
MAC003844,2012-10-25 11:30:00,0.119,12.48
MAC003844,2012-10-25 12:00:00,0.08,12.48
MAC003844,2012-10-25 12:30:00,0.058,12.91
MAC003844,2012-10-25 13:00:00,0.073,12.91
MAC003844,2012-10-25 13:30:00,0.079,12.89
MAC003844,2012-10-25 14:00:00,0.059,12.89
MAC003844,2012-10-25 14:30:00,0.133,12.78
MAC003844,2012-10-25 15:00:00,0.155,12.78
MAC003844,2012-10-25 15:30:00,0.13,12.29
MAC003844,2012-10-25 16:00:00,0.093,12.29
MAC003844,2012-10-25 16:30:00,0.105,12.23
MAC003844,2012-10-25 17:00:00,0.102,12.23
MAC003844,2012-10-25 17:30:00,0.07,11.24
MAC003844,2012-10-25 18:00:00,0.208,11.24
MAC003844,2012-10-25 18:30:00,0.819,10.6
MAC003844,2012-10-25 19:00:00,1.161,10.6
MAC003844,2012-10-25 19:30:00,0.485,10.15
MAC003844,2012-10-25 20:00:00,0.529,10.15
MAC003844,2012-10-25 20:30:00,0.48,10.16
MAC003844,2012-10-25 21:00:00,0.516,10.16
MAC003844,2012-10-25 21:30:00,0.309,10.09
MAC003844,2012-10-25 22:00:00,0.271,10.09
MAC003844,2012-10-25 22:30:00,0.156,10.11
MAC003844,2012-10-25 23:00:00,0.118,10.11
MAC003844,2012-10-25 23:30:00,0.098,9.74
MAC003844,2012-10-26 00:00:00,0.055,9.74
MAC003844,2012-10-26 00:30:00,0.075,9.71
MAC003844,2012-10-26 01:00:00,0.061,9.71
MAC003844,2012-10-26 01:30:00,0.052,9.64
MAC003844,2012-10-26 02:00:00,0.078,9.64
MAC003844,2012-10-26 02:30:00,0.117,9.14
MAC003844,2012-10-26 03:00:00,0.095,9.14
MAC003844,2012-10-26 03:30:00,0.084,9.1
MAC003844,2012-10-26 04:00:00,0.073,9.1
MAC003844,2012-10-26 04:30:00,0.057,8.62
MAC003844,2012-10-26 05:00:00,0.054,8.62
MAC003844,2012-10-26 05:30:00,0.16,8.96
MAC003844,2012-10-26 06:00:00,0.561,8.96
MAC003844,2012-10-26 06:30:00,0.413,8.5
MAC003844,2012-10-26 07:00:00,0.41,8.5
MAC003844,2012-10-26 07:30:00,0.397,8.62
MAC003844,2012-10-26 08:00:00,0.104,8.62
MAC003844,2012-10-26 08:30:00,0.061,8.51
MAC003844,2012-10-26 09:00:00,0.078,8.51
MAC003844,2012-10-26 09:30:00,0.067,8.39
MAC003851,2012-10-24 10:00:00,0.186,14.59
MAC003851,2012-10-24 10:30:00,0.113,14.91
MAC003851,2012-10-24 11:00:00,0.156,14.91
MAC003851,2012-10-24 11:30:00,0.129,15.18
MAC003851,2012-10-24 12:00:00,0.163,15.18
MAC003851,2012-10-24 12:30:00,0.387,15.7
MAC003851,2012-10-24 13:00:00,0.984,15.7
MAC003851,2012-10-24 13:30:00,0.912,16.18
MAC003851,2012-10-24 14:00:00,0.322,16.18
MAC003851,2012-10-24 14:30:00,0.315,16.1
MAC003851,2012-10-24 15:00:00,0.172,16.1
MAC003851,2012-10-24 15:30:00,0.112,15.53
MAC003851,2012-10-24 16:00:00,0.111,15.53
MAC003851,2012-10-24 16:30:00,0.18,14.81
MAC003851,2012-10-24 17:00:00,1.069,14.81
MAC003851,2012-10-24 17:30:00,1.028,14.01
MAC003851,2012-10-24 18:00:00,0.692,14.01
MAC003851,2012-10-24 18:30:00,0.622,14.0
MAC003851,2012-10-24 19:00:00,0.658,14.0
MAC003851,2012-10-24 19:30:00,0.523,13.98
MAC003851,2012-10-24 20:00:00,0.52,13.98
MAC003851,2012-10-24 20:30:00,0.507,13.99
MAC003851,2012-10-24 21:00:00,0.544,13.99
MAC003851,2012-10-24 21:30:00,0.668,13.92
MAC003851,2012-10-24 22:00:00,0.201,13.92
MAC003851,2012-10-24 22:30:00,0.093,13.6
MAC003851,2012-10-24 23:00:00,0.116,13.6
MAC003851,2012-10-24 23:30:00,0.131,13.58
MAC003851,2012-10-25 00:00:00,0.107,13.58
MAC003851,2012-10-25 00:30:00,0.093,13.61
MAC003851,2012-10-25 01:00:00,0.105,13.61
MAC003851,2012-10-25 01:30:00,0.123,13.21
MAC003851,2012-10-25 02:00:00,0.105,13.21
MAC003851,2012-10-25 02:30:00,0.101,13.13
MAC003851,2012-10-25 03:00:00,0.093,13.13
MAC003851,2012-10-25 03:30:00,0.138,13.1
MAC003851,2012-10-25 04:00:00,0.106,13.1
MAC003851,2012-10-25 04:30:00,0.104,13.06
MAC003851,2012-10-25 05:00:00,0.163,13.06
MAC003851,2012-10-25 05:30:00,0.81,12.97
MAC003851,2012-10-25 06:00:00,0.659,12.97
MAC003851,2012-10-25 06:30:00,0.443,12.94
MAC003851,2012-10-25 07:00:00,0.147,12.94
MAC003851,2012-10-25 07:30:00,0.355,13.28
MAC003851,2012-10-25 08:00:00,0.316,13.28
MAC003851,2012-10-25 08:30:00,0.395,12.89
MAC003851,2012-10-25 09:00:00,0.345,12.89
MAC003851,2012-10-25 09:30:00,0.357,12.51
MAC003851,2012-10-25 10:00:00,0.331,12.51
MAC003851,2012-10-25 10:30:00,0.139,12.51
MAC003851,2012-10-25 11:00:00,0.14,12.51
MAC003851,2012-10-25 11:30:00,0.16,12.48
MAC003851,2012-10-25 12:00:00,0.191,12.48
MAC003851,2012-10-25 12:30:00,0.146,12.91
MAC003851,2012-10-25 13:00:00,0.157,12.91
MAC003851,2012-10-25 13:30:00,0.152,12.89
MAC003851,2012-10-25 14:00:00,0.183,12.89
MAC003851,2012-10-25 14:30:00,0.15,12.78
MAC003851,2012-10-25 15:00:00,0.143,12.78
MAC003851,2012-10-25 15:30:00,0.154,12.29
MAC003851,2012-10-25 16:00:00,0.178,12.29
MAC003851,2012-10-25 16:30:00,0.163,12.23
MAC003851,2012-10-25 17:00:00,0.142,12.23
MAC003851,2012-10-25 17:30:00,0.189,11.24
MAC003851,2012-10-25 18:00:00,0.191,11.24
MAC003851,2012-10-25 18:30:00,0.181,10.6
MAC003851,2012-10-25 19:00:00,0.173,10.6
MAC003851,2012-10-25 19:30:00,0.157,10.15
MAC003851,2012-10-25 20:00:00,0.204,10.15
MAC003851,2012-10-25 20:30:00,0.766,10.16
MAC003851,2012-10-25 21:00:00,0.703,10.16
MAC003851,2012-10-25 21:30:00,0.676,10.09
MAC003851,2012-10-25 22:00:00,0.256,10.09
MAC003851,2012-10-25 22:30:00,0.173,10.11
MAC003851,2012-10-25 23:00:00,0.113,10.11
MAC003851,2012-10-25 23:30:00,0.104,9.74
MAC003851,2012-10-26 00:00:00,0.09,9.74
MAC003851,2012-10-26 00:30:00,0.105,9.71
MAC003851,2012-10-26 01:00:00,0.139,9.71
MAC003851,2012-10-26 01:30:00,0.097,9.64
MAC003851,2012-10-26 02:00:00,0.092,9.64
MAC003851,2012-10-26 02:30:00,0.099,9.14
MAC003851,2012-10-26 03:00:00,0.125,9.14
MAC003851,2012-10-26 03:30:00,0.119,9.1
MAC003851,2012-10-26 04:00:00,0.086,9.1
MAC003851,2012-10-26 04:30:00,0.094,8.62
MAC003851,2012-10-26 05:00:00,0.203,8.62
MAC003851,2012-10-26 05:30:00,0.589,8.96
MAC003851,2012-10-26 06:00:00,1.192,8.96
MAC003851,2012-10-26 06:30:00,0.431,8.5
MAC003851,2012-10-26 07:00:00,0.445,8.5
MAC003851,2012-10-26 07:30:00,0.435,8.62
MAC003851,2012-10-26 08:00:00,0.373,8.62
MAC003851,2012-10-26 08:30:00,0.47,8.51
MAC003851,2012-10-26 09:00:00,0.38,8.51
MAC003851,2012-10-26 09:30:00,0.36,8.39
MAC003851,2012-10-26 10:00:00,0.232,8.39
MAC003851,2012-10-26 10:30:00,0.15,8.54
MAC003851,2012-10-26 11:00:00,0.198,8.54
MAC003851,2012-10-26 11:30:00,0.274,8.49
MAC003856,2012-10-24 15:00:00,0.0,16.1
MAC003856,2012-10-24 16:00:00,0.596,15.53
MAC003856,2012-10-24 16:30:00,0.388,14.81
MAC003856,2012-10-24 17:00:00,0.492,14.81
MAC003856,2012-10-24 17:30:00,0.793,14.01
MAC003856,2012-10-24 18:00:00,1.255,14.01
MAC003856,2012-10-24 18:30:00,1.033,14.0
MAC003856,2012-10-24 19:00:00,0.789,14.0
MAC003856,2012-10-24 19:30:00,0.833,13.98
MAC003856,2012-10-24 20:00:00,0.948,13.98
MAC003856,2012-10-24 20:30:00,0.932,13.99
MAC003856,2012-10-24 21:00:00,2.3369999,13.99
MAC003856,2012-10-24 21:30:00,1.8890001,13.92
MAC003856,2012-10-24 22:00:00,1.612,13.92
MAC003856,2012-10-24 22:30:00,1.245,13.6
MAC003856,2012-10-24 23:00:00,0.308,13.6
MAC003856,2012-10-24 23:30:00,0.197,13.58
MAC003856,2012-10-25 00:00:00,0.172,13.58
MAC003856,2012-10-25 00:30:00,0.172,13.61
MAC003856,2012-10-25 01:00:00,0.186,13.61
MAC003856,2012-10-25 01:30:00,0.195,13.21
MAC003856,2012-10-25 02:00:00,0.171,13.21
MAC003856,2012-10-25 02:30:00,0.193,13.13
MAC003856,2012-10-25 03:00:00,0.202,13.13
MAC003856,2012-10-25 03:30:00,0.18,13.1
MAC003856,2012-10-25 04:00:00,0.168,13.1
MAC003856,2012-10-25 04:30:00,0.193,13.06
MAC003856,2012-10-25 05:00:00,0.215,13.06
MAC003856,2012-10-25 05:30:00,0.256,12.97
MAC003856,2012-10-25 06:00:00,0.259,12.97
MAC003856,2012-10-25 06:30:00,0.402,12.94
MAC003856,2012-10-25 07:00:00,0.269,12.94
MAC003856,2012-10-25 07:30:00,0.706,13.28
MAC003856,2012-10-25 08:00:00,1.063,13.28
MAC003856,2012-10-25 08:30:00,0.809,12.89
MAC003856,2012-10-25 09:00:00,0.716,12.89
MAC003856,2012-10-25 09:30:00,1.268,12.51
MAC003856,2012-10-25 10:00:00,1.1160001,12.51
MAC003856,2012-10-25 10:30:00,0.907,12.51
MAC003856,2012-10-25 11:00:00,0.834,12.51
MAC003856,2012-10-25 11:30:00,0.508,12.48
MAC003856,2012-10-25 12:00:00,1.001,12.48
MAC003856,2012-10-25 12:30:00,0.656,12.91
MAC003856,2012-10-25 13:00:00,0.421,12.91
MAC003856,2012-10-25 13:30:00,0.402,12.89
MAC003856,2012-10-25 14:00:00,0.383,12.89
MAC003856,2012-10-25 14:30:00,0.424,12.78
MAC003856,2012-10-25 15:00:00,0.437,12.78
MAC003856,2012-10-25 15:30:00,0.509,12.29
MAC003856,2012-10-25 16:00:00,0.502,12.29
MAC003856,2012-10-25 16:30:00,0.499,12.23
MAC003856,2012-10-25 17:00:00,0.624,12.23
MAC003856,2012-10-25 17:30:00,0.883,11.24
MAC003856,2012-10-25 18:00:00,0.852,11.24
MAC003856,2012-10-25 18:30:00,1.3329999,10.6
MAC003856,2012-10-25 19:00:00,0.744,10.6
MAC003856,2012-10-25 19:30:00,0.421,10.15
MAC003856,2012-10-25 20:00:00,0.421,10.15
MAC003856,2012-10-25 20:30:00,0.433,10.16
MAC003856,2012-10-25 21:00:00,0.931,10.16
MAC003856,2012-10-25 21:30:00,1.029,10.09
MAC003856,2012-10-25 22:00:00,0.672,10.09
MAC003856,2012-10-25 22:30:00,0.474,10.11
MAC003856,2012-10-25 23:00:00,0.409,10.11
MAC003856,2012-10-25 23:30:00,0.283,9.74
MAC003856,2012-10-26 00:00:00,0.283,9.74
MAC003856,2012-10-26 00:30:00,0.263,9.71
MAC003856,2012-10-26 01:00:00,0.259,9.71
MAC003856,2012-10-26 01:30:00,0.256,9.64
MAC003856,2012-10-26 02:00:00,0.254,9.64
MAC003856,2012-10-26 02:30:00,0.25,9.14
MAC003856,2012-10-26 03:00:00,0.256,9.14
MAC003856,2012-10-26 03:30:00,0.254,9.1
MAC003856,2012-10-26 04:00:00,0.228,9.1
MAC003856,2012-10-26 04:30:00,0.248,8.62
MAC003856,2012-10-26 05:00:00,0.258,8.62
MAC003856,2012-10-26 05:30:00,0.246,8.96
MAC003856,2012-10-26 06:00:00,0.282,8.96
MAC003856,2012-10-26 06:30:00,0.559,8.5
MAC003856,2012-10-26 07:00:00,0.38,8.5
MAC003856,2012-10-26 07:30:00,0.422,8.62
MAC003856,2012-10-26 08:00:00,0.435,8.62
MAC003856,2012-10-26 08:30:00,0.746,8.51
MAC003856,2012-10-26 09:00:00,1.0190001,8.51
MAC003856,2012-10-26 09:30:00,0.856,8.39
MAC003856,2012-10-26 10:00:00,0.759,8.39
MAC003856,2012-10-26 10:30:00,0.297,8.54
MAC003856,2012-10-26 11:00:00,0.785,8.54
MAC003856,2012-10-26 11:30:00,0.739,8.49
MAC003856,2012-10-26 12:00:00,1.094,8.49
MAC003856,2012-10-26 12:30:00,0.832,8.47
MAC003856,2012-10-26 13:00:00,0.378,8.47
MAC003856,2012-10-26 13:30:00,0.481,8.78
MAC003856,2012-10-26 14:00:00,0.36,8.78
MAC003856,2012-10-26 14:30:00,0.741,7.29
MAC003856,2012-10-26 15:00:00,0.858,7.29
MAC003856,2012-10-26 15:30:00,0.604,7.03
MAC003856,2012-10-26 16:00:00,0.471,7.03
MAC003856,2012-10-26 16:30:00,0.551,7.23
MAC003856,2012-10-26 17:00:00,0.562,7.23
MAC003863,2012-10-25 09:00:00,0.0,12.89
MAC003863,2012-10-25 09:30:00,0.0,12.51
MAC003863,2012-10-25 10:30:00,0.156,12.51
MAC003863,2012-10-25 11:00:00,0.123,12.51
MAC003863,2012-10-25 11:30:00,0.15,12.48
MAC003863,2012-10-25 12:00:00,0.125,12.48
MAC003863,2012-10-25 12:30:00,0.103,12.91
MAC003863,2012-10-25 13:00:00,0.068,12.91
MAC003863,2012-10-25 13:30:00,0.088,12.89
MAC003863,2012-10-25 14:00:00,0.081,12.89
MAC003863,2012-10-25 14:30:00,0.085,12.78
MAC003863,2012-10-25 15:00:00,0.082,12.78
MAC003863,2012-10-25 15:30:00,0.193,12.29
MAC003863,2012-10-25 16:00:00,0.138,12.29
MAC003863,2012-10-25 16:30:00,0.298,12.23
MAC003863,2012-10-25 17:00:00,0.339,12.23
MAC003863,2012-10-25 17:30:00,0.368,11.24
MAC003863,2012-10-25 18:00:00,0.404,11.24
MAC003863,2012-10-25 18:30:00,0.329,10.6
MAC003863,2012-10-25 19:00:00,0.355,10.6
MAC003863,2012-10-25 19:30:00,0.226,10.15
MAC003863,2012-10-25 20:00:00,0.176,10.15
MAC003863,2012-10-25 20:30:00,0.14,10.16
MAC003863,2012-10-25 21:00:00,0.176,10.16
MAC003863,2012-10-25 21:30:00,0.14,10.09
MAC003863,2012-10-25 22:00:00,0.179,10.09
MAC003863,2012-10-25 22:30:00,0.156,10.11
MAC003863,2012-10-25 23:00:00,0.262,10.11
MAC003863,2012-10-25 23:30:00,0.143,9.74
MAC003863,2012-10-26 00:00:00,0.097,9.74
MAC003863,2012-10-26 00:30:00,0.039,9.71
MAC003863,2012-10-26 01:00:00,0.092,9.71
MAC003863,2012-10-26 01:30:00,0.039,9.64
MAC003863,2012-10-26 02:00:00,0.093,9.64
MAC003863,2012-10-26 02:30:00,0.04,9.14
MAC003863,2012-10-26 03:00:00,0.091,9.14
MAC003863,2012-10-26 03:30:00,0.04,9.1
MAC003863,2012-10-26 04:00:00,0.089,9.1
MAC003863,2012-10-26 04:30:00,0.21,8.62
MAC003863,2012-10-26 05:00:00,0.277,8.62
MAC003863,2012-10-26 05:30:00,0.205,8.96
MAC003863,2012-10-26 06:00:00,0.306,8.96
MAC003863,2012-10-26 06:30:00,0.153,8.5
MAC003863,2012-10-26 07:00:00,0.209,8.5
MAC003863,2012-10-26 07:30:00,0.11,8.62
MAC003863,2012-10-26 08:00:00,0.153,8.62
MAC003863,2012-10-26 08:30:00,0.102,8.51
MAC003863,2012-10-26 09:00:00,0.124,8.51
MAC003863,2012-10-26 09:30:00,0.069,8.39
MAC003863,2012-10-26 10:00:00,0.167,8.39
MAC003863,2012-10-26 10:30:00,0.156,8.54
MAC003863,2012-10-26 11:00:00,0.177,8.54
MAC003863,2012-10-26 11:30:00,0.115,8.49
MAC003863,2012-10-26 12:00:00,0.173,8.49
MAC003863,2012-10-26 12:30:00,0.115,8.47
MAC003863,2012-10-26 13:00:00,0.14,8.47
MAC003863,2012-10-26 13:30:00,0.098,8.78
MAC003863,2012-10-26 14:00:00,0.272,8.78
MAC003863,2012-10-26 14:30:00,0.791,7.29
MAC003863,2012-10-26 15:00:00,0.954,7.29
MAC003863,2012-10-26 15:30:00,0.38,7.03
MAC003863,2012-10-26 16:00:00,0.171,7.03
MAC003863,2012-10-26 16:30:00,0.191,7.23
MAC003863,2012-10-26 17:00:00,0.208,7.23
MAC003863,2012-10-26 17:30:00,0.171,6.63
MAC003863,2012-10-26 18:00:00,0.157,6.63
MAC003863,2012-10-26 18:30:00,0.181,6.46
MAC003863,2012-10-26 19:00:00,0.209,6.46
MAC003863,2012-10-26 19:30:00,0.166,5.61
MAC003863,2012-10-26 20:00:00,0.159,5.61
MAC003863,2012-10-26 20:30:00,0.157,5.16
MAC003863,2012-10-26 21:00:00,0.181,5.16
MAC003863,2012-10-26 21:30:00,0.237,4.19
MAC003863,2012-10-26 22:00:00,0.286,4.19
MAC003863,2012-10-26 22:30:00,0.282,4.01
MAC003863,2012-10-26 23:00:00,0.255,4.01
MAC003863,2012-10-26 23:30:00,0.216,3.46
MAC003863,2012-10-27 00:00:00,0.092,3.46
MAC003863,2012-10-27 00:30:00,0.068,3.38
MAC003863,2012-10-27 01:00:00,0.058,3.38
MAC003863,2012-10-27 01:30:00,0.071,2.92
MAC003863,2012-10-27 02:00:00,0.053,2.92
MAC003863,2012-10-27 02:30:00,0.102,2.49
MAC003863,2012-10-27 03:00:00,0.075,2.49
MAC003863,2012-10-27 03:30:00,0.073,2.93
MAC003863,2012-10-27 04:00:00,0.043,2.93
MAC003863,2012-10-27 04:30:00,0.076,2.84
MAC003863,2012-10-27 05:00:00,0.037,2.84
MAC003863,2012-10-27 05:30:00,0.08,2.53
MAC003863,2012-10-27 06:00:00,0.036,2.53
MAC003863,2012-10-27 06:30:00,0.097,2.54
MAC003863,2012-10-27 07:00:00,0.12,2.54
MAC003863,2012-10-27 07:30:00,0.281,3.56
MAC003863,2012-10-27 08:00:00,0.133,3.56
MAC003863,2012-10-27 08:30:00,0.187,5.18
MAC003863,2012-10-27 09:00:00,0.705,5.18
MAC003863,2012-10-27 09:30:00,0.44,6.36
MAC003863,2012-10-27 10:00:00,0.132,6.36
MAC003863,2012-10-27 10:30:00,0.157,7.28
MAC003863,2012-10-27 11:00:00,0.123,7.28
MAC003874,2012-10-25 12:00:00,0.238,12.48
MAC003874,2012-10-25 12:30:00,0.268,12.91
MAC003874,2012-10-25 13:00:00,0.267,12.91
MAC003874,2012-10-25 13:30:00,0.199,12.89
MAC003874,2012-10-25 14:00:00,0.162,12.89
MAC003874,2012-10-25 14:30:00,0.248,12.78
MAC003874,2012-10-25 15:00:00,0.209,12.78
MAC003874,2012-10-25 15:30:00,0.245,12.29
MAC003874,2012-10-25 16:00:00,0.237,12.29
MAC003874,2012-10-25 16:30:00,0.222,12.23
MAC003874,2012-10-25 17:00:00,0.964,12.23
MAC003874,2012-10-25 17:30:00,0.733,11.24
MAC003874,2012-10-25 18:00:00,0.382,11.24
MAC003874,2012-10-25 18:30:00,0.279,10.6
MAC003874,2012-10-25 19:00:00,0.269,10.6
MAC003874,2012-10-25 19:30:00,0.312,10.15
MAC003874,2012-10-25 20:00:00,0.298,10.15
MAC003874,2012-10-25 20:30:00,0.348,10.16
MAC003874,2012-10-25 21:00:00,0.317,10.16
MAC003874,2012-10-25 21:30:00,0.328,10.09
MAC003874,2012-10-25 22:00:00,0.334,10.09
MAC003874,2012-10-25 22:30:00,0.2,10.11
MAC003874,2012-10-25 23:00:00,0.175,10.11
MAC003874,2012-10-25 23:30:00,0.153,9.74
MAC003874,2012-10-26 00:00:00,0.151,9.74
MAC003874,2012-10-26 00:30:00,0.173,9.71
MAC003874,2012-10-26 01:00:00,0.153,9.71
MAC003874,2012-10-26 01:30:00,0.151,9.64
MAC003874,2012-10-26 02:00:00,0.162,9.64
MAC003874,2012-10-26 02:30:00,0.162,9.14
MAC003874,2012-10-26 03:00:00,0.152,9.14
MAC003874,2012-10-26 03:30:00,0.15,9.1
MAC003874,2012-10-26 04:00:00,0.173,9.1
MAC003874,2012-10-26 04:30:00,0.152,8.62
MAC003874,2012-10-26 05:00:00,0.166,8.62
MAC003874,2012-10-26 05:30:00,0.203,8.96
MAC003874,2012-10-26 06:00:00,0.356,8.96
MAC003874,2012-10-26 06:30:00,0.298,8.5
MAC003874,2012-10-26 07:00:00,0.339,8.5
MAC003874,2012-10-26 07:30:00,0.307,8.62
MAC003874,2012-10-26 08:00:00,0.288,8.62
MAC003874,2012-10-26 08:30:00,0.276,8.51
MAC003874,2012-10-26 09:00:00,0.162,8.51
MAC003874,2012-10-26 09:30:00,0.168,8.39
MAC003874,2012-10-26 10:00:00,0.147,8.39
MAC003874,2012-10-26 10:30:00,0.148,8.54
MAC003874,2012-10-26 11:00:00,0.162,8.54
MAC003874,2012-10-26 11:30:00,0.187,8.49
MAC003874,2012-10-26 12:00:00,0.35,8.49
MAC003874,2012-10-26 12:30:00,0.292,8.47
MAC003874,2012-10-26 13:00:00,0.265,8.47
MAC003874,2012-10-26 13:30:00,0.241,8.78
MAC003874,2012-10-26 14:00:00,0.26,8.78
MAC003874,2012-10-26 14:30:00,0.255,7.29
MAC003874,2012-10-26 15:00:00,0.262,7.29
MAC003874,2012-10-26 15:30:00,0.247,7.03
MAC003874,2012-10-26 16:00:00,0.98,7.03
MAC003874,2012-10-26 16:30:00,0.722,7.23
MAC003874,2012-10-26 17:00:00,0.367,7.23
MAC003874,2012-10-26 17:30:00,0.37,6.63
MAC003874,2012-10-26 18:00:00,0.309,6.63
MAC003874,2012-10-26 18:30:00,0.326,6.46
MAC003874,2012-10-26 19:00:00,0.309,6.46
MAC003874,2012-10-26 19:30:00,0.398,5.61
MAC003874,2012-10-26 20:00:00,0.323,5.61
MAC003874,2012-10-26 20:30:00,0.292,5.16
MAC003874,2012-10-26 21:00:00,0.278,5.16
MAC003874,2012-10-26 21:30:00,0.328,4.19
MAC003874,2012-10-26 22:00:00,0.359,4.19
MAC003874,2012-10-26 22:30:00,0.198,4.01
MAC003874,2012-10-26 23:00:00,0.172,4.01
MAC003874,2012-10-26 23:30:00,0.162,3.46
MAC003874,2012-10-27 00:00:00,0.17,3.46
MAC003874,2012-10-27 00:30:00,0.151,3.38
MAC003874,2012-10-27 01:00:00,0.152,3.38
MAC003874,2012-10-27 01:30:00,0.164,2.92
MAC003874,2012-10-27 02:00:00,0.161,2.92
MAC003874,2012-10-27 02:30:00,0.148,2.49
MAC003874,2012-10-27 03:00:00,0.152,2.49
MAC003874,2012-10-27 03:30:00,0.17,2.93
MAC003874,2012-10-27 04:00:00,0.155,2.93
MAC003874,2012-10-27 04:30:00,0.15,2.84
MAC003874,2012-10-27 05:00:00,0.15,2.84
MAC003874,2012-10-27 05:30:00,0.196,2.53
MAC003874,2012-10-27 06:00:00,0.354,2.53
MAC003874,2012-10-27 06:30:00,0.311,2.54
MAC003874,2012-10-27 07:00:00,0.345,2.54
MAC003874,2012-10-27 07:30:00,0.368,3.56
MAC003874,2012-10-27 08:00:00,0.232,3.56
MAC003874,2012-10-27 08:30:00,0.211,5.18
MAC003874,2012-10-27 09:00:00,0.25,5.18
MAC003874,2012-10-27 09:30:00,0.371,6.36
MAC003874,2012-10-27 10:00:00,0.484,6.36
MAC003874,2012-10-27 10:30:00,0.719,7.28
MAC003874,2012-10-27 11:00:00,0.483,7.28
MAC003874,2012-10-27 11:30:00,0.28,7.68
MAC003874,2012-10-27 12:00:00,0.232,7.68
MAC003874,2012-10-27 12:30:00,0.232,7.41
MAC003874,2012-10-27 13:00:00,0.302,7.41
MAC003874,2012-10-27 13:30:00,0.264,7.36
MAC004034,2012-07-06 12:00:00,0.903,15.44
MAC004034,2012-07-06 12:30:00,0.294,16.06
MAC004034,2012-07-06 13:00:00,0.362,16.06
MAC004034,2012-07-06 13:30:00,0.32,17.61
MAC004034,2012-07-06 14:00:00,0.347,17.61
MAC004034,2012-07-06 14:30:00,0.348,18.7
MAC004034,2012-07-06 15:00:00,0.337,18.7
MAC004034,2012-07-06 15:30:00,0.315,18.54
MAC004034,2012-07-06 16:00:00,0.397,18.54
MAC004034,2012-07-06 16:30:00,0.289,18.52
MAC004034,2012-07-06 17:00:00,0.975,18.52
MAC004034,2012-07-06 17:30:00,0.355,17.89
MAC004034,2012-07-06 18:00:00,0.285,17.89
MAC004034,2012-07-06 18:30:00,0.35,16.93
MAC004034,2012-07-06 19:00:00,0.369,16.93
MAC004034,2012-07-06 19:30:00,0.407,16.3
MAC004034,2012-07-06 20:00:00,0.4,16.3
MAC004034,2012-07-06 20:30:00,0.39,15.17
MAC004034,2012-07-06 21:00:00,0.308,15.17
MAC004034,2012-07-06 21:30:00,0.557,14.96
MAC004034,2012-07-06 22:00:00,0.313,14.96
MAC004034,2012-07-06 22:30:00,0.298,14.42
MAC004034,2012-07-06 23:00:00,0.224,14.42
MAC004034,2012-07-06 23:30:00,0.213,13.96
MAC004034,2012-07-07 00:00:00,0.206,13.96
MAC004034,2012-07-07 00:30:00,0.161,13.94
MAC004034,2012-07-07 01:00:00,0.196,13.94
MAC004034,2012-07-07 01:30:00,0.191,13.42
MAC004034,2012-07-07 02:00:00,0.152,13.42
MAC004034,2012-07-07 02:30:00,0.21,13.52
MAC004034,2012-07-07 03:00:00,0.149,13.52
MAC004034,2012-07-07 03:30:00,0.194,13.5
MAC004034,2012-07-07 04:00:00,0.197,13.5
MAC004034,2012-07-07 04:30:00,0.142,13.68
MAC004034,2012-07-07 05:00:00,0.201,13.68
MAC004034,2012-07-07 05:30:00,0.172,14.36
MAC004034,2012-07-07 06:00:00,0.168,14.36
MAC004034,2012-07-07 06:30:00,0.797,15.91
MAC004034,2012-07-07 07:00:00,1.035,15.91
MAC004034,2012-07-07 07:30:00,0.809,16.49
MAC004034,2012-07-07 08:00:00,0.177,16.49
MAC004034,2012-07-07 08:30:00,0.22,16.89
MAC004034,2012-07-07 09:00:00,0.16,16.89
MAC004034,2012-07-07 09:30:00,0.239,17.51
MAC004034,2012-07-07 10:00:00,0.134,17.51
MAC004034,2012-07-07 10:30:00,0.24,17.77
MAC004034,2012-07-07 11:00:00,0.183,17.77
MAC004034,2012-07-07 11:30:00,0.188,17.91
MAC004034,2012-07-07 12:00:00,0.2,17.91
MAC004034,2012-07-07 12:30:00,0.198,17.51
MAC004034,2012-07-07 13:00:00,0.186,17.51
MAC004034,2012-07-07 13:30:00,0.195,17.51
MAC004034,2012-07-07 14:00:00,0.195,17.51
MAC004034,2012-07-07 14:30:00,0.174,18.65
MAC004034,2012-07-07 15:00:00,0.232,18.65
MAC004034,2012-07-07 15:30:00,0.144,17.92
MAC004034,2012-07-07 16:00:00,0.231,17.92
MAC004034,2012-07-07 16:30:00,0.182,17.78
MAC004034,2012-07-07 17:00:00,0.186,17.78
MAC004034,2012-07-07 17:30:00,0.202,17.22
MAC004034,2012-07-07 18:00:00,0.174,17.22
MAC004034,2012-07-07 18:30:00,0.193,16.28
MAC004034,2012-07-07 19:00:00,0.207,16.28
MAC004034,2012-07-07 19:30:00,0.154,16.06
MAC004034,2012-07-07 20:00:00,0.225,16.06
MAC004034,2012-07-07 20:30:00,0.159,15.18
MAC004034,2012-07-07 21:00:00,0.21,15.18
MAC004034,2012-07-07 21:30:00,0.174,14.78
MAC004034,2012-07-07 22:00:00,0.187,14.78
MAC004034,2012-07-07 22:30:00,0.192,14.7
MAC004034,2012-07-07 23:00:00,0.2,14.7
MAC004034,2012-07-07 23:30:00,0.17,14.71
MAC004034,2012-07-08 00:00:00,0.206,14.71
MAC004034,2012-07-08 00:30:00,0.178,14.69
MAC004034,2012-07-08 01:00:00,0.241,14.69
MAC004034,2012-07-08 01:30:00,0.214,14.66
MAC004034,2012-07-08 02:00:00,0.192,14.66
MAC004034,2012-07-08 02:30:00,0.201,14.28
MAC004034,2012-07-08 03:00:00,0.179,14.28
MAC004034,2012-07-08 03:30:00,0.19,14.28
MAC004034,2012-07-08 04:00:00,0.195,14.28
MAC004034,2012-07-08 04:30:00,0.161,14.39
MAC004034,2012-07-08 05:00:00,0.225,14.39
MAC004034,2012-07-08 05:30:00,0.144,14.73
MAC004034,2012-07-08 06:00:00,0.216,14.73
MAC004034,2012-07-08 06:30:00,0.178,15.13
MAC004034,2012-07-08 07:00:00,0.176,15.13
MAC004034,2012-07-08 07:30:00,0.197,14.8
MAC004034,2012-07-08 08:00:00,0.174,14.8
MAC004034,2012-07-08 08:30:00,0.18,15.36
MAC004034,2012-07-08 09:00:00,0.218,15.36
MAC004034,2012-07-08 09:30:00,0.132,15.36
MAC004034,2012-07-08 10:00:00,0.229,15.36
MAC004034,2012-07-08 10:30:00,0.159,16.37
MAC004034,2012-07-08 11:00:00,0.196,16.37
MAC004034,2012-07-08 11:30:00,0.186,17.18
MAC004034,2012-07-08 12:00:00,0.177,17.18
MAC004034,2012-07-08 12:30:00,0.185,18.49
MAC004034,2012-07-08 13:00:00,0.194,18.49
MAC004034,2012-07-08 13:30:00,0.167,18.77
MAC004179,2012-05-21 10:30:00,2.003,12.91
MAC004179,2012-05-21 11:00:00,2.47,12.91
MAC004179,2012-05-21 11:30:00,3.0090001,13.15
MAC004179,2012-05-21 12:00:00,2.0409999,13.15
MAC004179,2012-05-21 12:30:00,3.0179999,13.79
MAC004179,2012-05-21 13:00:00,1.802,13.79
MAC004179,2012-05-21 13:30:00,1.982,14.68
MAC004179,2012-05-21 14:00:00,2.641,14.68
MAC004179,2012-05-21 14:30:00,2.2219999,15.46
MAC004179,2012-05-21 15:00:00,2.2880001,15.46
MAC004179,2012-05-21 15:30:00,1.877,16.22
MAC004179,2012-05-21 16:00:00,2.836,16.22
MAC004179,2012-05-21 16:30:00,1.575,15.79
MAC004179,2012-05-21 17:00:00,2.1059999,15.79
MAC004179,2012-05-21 17:30:00,2.2969999,15.67
MAC004179,2012-05-21 18:00:00,3.54,15.67
MAC004179,2012-05-21 18:30:00,2.4389999,15.51
MAC004179,2012-05-21 19:00:00,2.181,15.51
MAC004179,2012-05-21 19:30:00,2.9360001,14.61
MAC004179,2012-05-21 20:00:00,2.4419999,14.61
MAC004179,2012-05-21 20:30:00,1.776,14.38
MAC004179,2012-05-21 21:00:00,2.194,14.38
MAC004179,2012-05-21 21:30:00,1.904,13.79
MAC004179,2012-05-21 22:00:00,2.507,13.79
MAC004179,2012-05-21 22:30:00,1.8099999,13.74
MAC004179,2012-05-21 23:00:00,1.7079999,13.74
MAC004179,2012-05-21 23:30:00,1.222,13.21
MAC004179,2012-05-22 00:00:00,1.608,13.21
MAC004179,2012-05-22 00:30:00,1.825,13.19
MAC004179,2012-05-22 01:00:00,1.622,13.19
MAC004179,2012-05-22 01:30:00,1.612,12.81
MAC004179,2012-05-22 02:00:00,1.62,12.81
MAC004179,2012-05-22 02:30:00,1.812,12.27
MAC004179,2012-05-22 03:00:00,1.768,12.27
MAC004179,2012-05-22 03:30:00,1.821,11.82
MAC004179,2012-05-22 04:00:00,1.632,11.82
MAC004179,2012-05-22 04:30:00,1.994,11.44
MAC004179,2012-05-22 05:00:00,2.069,11.44
MAC004179,2012-05-22 05:30:00,2.5880001,11.48
MAC004179,2012-05-22 06:00:00,2.5139999,11.48
MAC004179,2012-05-22 06:30:00,2.4530001,12.0
MAC004179,2012-05-22 07:00:00,1.23,12.0
MAC004179,2012-05-22 07:30:00,2.1340001,12.33
MAC004179,2012-05-22 08:00:00,2.1459999,12.33
MAC004179,2012-05-22 08:30:00,1.941,13.72
MAC004179,2012-05-22 09:00:00,1.377,13.72
MAC004179,2012-05-22 09:30:00,1.896,17.22
MAC004179,2012-05-22 10:00:00,2.7219999,17.22
MAC004179,2012-05-22 10:30:00,1.87,19.47
MAC004179,2012-05-22 11:00:00,1.554,19.47
MAC004179,2012-05-22 11:30:00,2.003,21.49
MAC004179,2012-05-22 12:00:00,2.5780001,21.49
MAC004179,2012-05-22 12:30:00,2.4200001,23.02
MAC004179,2012-05-22 13:00:00,1.653,23.02
MAC004179,2012-05-22 13:30:00,1.436,23.57
MAC004179,2012-05-22 14:00:00,1.576,23.57
MAC004179,2012-05-22 14:30:00,1.793,24.4
MAC004179,2012-05-22 15:00:00,1.517,24.4
MAC004179,2012-05-22 15:30:00,1.377,24.43
MAC004179,2012-05-22 16:00:00,1.364,24.43
MAC004179,2012-05-22 16:30:00,1.6390001,23.98
MAC004179,2012-05-22 17:00:00,2.4560001,23.98
MAC004179,2012-05-22 17:30:00,3.0710001,23.37
MAC004179,2012-05-22 18:00:00,3.4119999,23.37
MAC004179,2012-05-22 18:30:00,2.6860001,22.28
MAC004179,2012-05-22 19:00:00,2.0639999,22.28
MAC004179,2012-05-22 19:30:00,2.47,21.38
MAC004179,2012-05-22 20:00:00,1.913,21.38
MAC004179,2012-05-22 20:30:00,1.9,20.11
MAC004179,2012-05-22 21:00:00,1.237,20.11
MAC004179,2012-05-22 21:30:00,1.522,18.57
MAC004179,2012-05-22 22:00:00,2.0699999,18.57
MAC004179,2012-05-22 22:30:00,1.516,17.24
MAC004179,2012-05-22 23:00:00,1.419,17.24
MAC004179,2012-05-22 23:30:00,1.4680001,16.41
MAC004179,2012-05-23 00:00:00,1.627,16.41
MAC004179,2012-05-23 00:30:00,0.94,15.76
MAC004179,2012-05-23 01:00:00,1.683,15.76
MAC004179,2012-05-23 01:30:00,1.234,14.76
MAC004179,2012-05-23 02:00:00,1.45,14.76
MAC004179,2012-05-23 02:30:00,1.418,14.31
MAC004179,2012-05-23 03:00:00,1.418,14.31
MAC004179,2012-05-23 03:30:00,1.586,13.76
MAC004179,2012-05-23 04:00:00,1.563,13.76
MAC004179,2012-05-23 04:30:00,1.709,13.47
MAC004179,2012-05-23 05:00:00,1.773,13.47
MAC004179,2012-05-23 05:30:00,2.1860001,14.07
MAC004179,2012-05-23 06:00:00,2.8840001,14.07
MAC004179,2012-05-23 06:30:00,2.2449999,14.79
MAC004179,2012-05-23 07:00:00,1.597,14.79
MAC004179,2012-05-23 07:30:00,1.1950001,15.98
MAC004179,2012-05-23 08:00:00,2.309,15.98
MAC004179,2012-05-23 08:30:00,1.9450001,17.12
MAC004179,2012-05-23 09:00:00,2.8210001,17.12
MAC004179,2012-05-23 09:30:00,2.2349999,19.51
MAC004179,2012-05-23 10:00:00,1.102,19.51
MAC004179,2012-05-23 10:30:00,2.26,21.63
MAC004179,2012-05-23 11:00:00,2.4159999,21.63
MAC004179,2012-05-23 11:30:00,1.5319999,22.85
MAC004179,2012-05-23 12:00:00,1.067,22.85
MAC004247,2012-05-23 14:00:00,0.741,24.51
MAC004247,2012-05-23 14:30:00,0.751,25.37
MAC004247,2012-05-23 15:00:00,0.756,25.37
MAC004247,2012-05-23 15:30:00,0.751,25.02
MAC004247,2012-05-23 16:00:00,0.743,25.02
MAC004247,2012-05-23 16:30:00,0.818,24.5
MAC004247,2012-05-23 17:00:00,0.34,24.5
MAC004247,2012-05-23 17:30:00,0.246,23.21
MAC004247,2012-05-23 18:00:00,0.243,23.21
MAC004247,2012-05-23 18:30:00,0.25,22.28
MAC004247,2012-05-23 19:00:00,0.262,22.28
MAC004247,2012-05-23 19:30:00,0.208,20.98
MAC004247,2012-05-23 20:00:00,0.224,20.98
MAC004247,2012-05-23 20:30:00,0.272,20.02
MAC004247,2012-05-23 21:00:00,0.305,20.02
MAC004247,2012-05-23 21:30:00,0.332,18.97
MAC004247,2012-05-23 22:00:00,0.342,18.97
MAC004247,2012-05-23 22:30:00,0.584,18.23
MAC004247,2012-05-23 23:00:00,0.618,18.23
MAC004247,2012-05-23 23:30:00,0.613,18.03
MAC004247,2012-05-24 00:00:00,0.543,18.03
MAC004247,2012-05-24 00:30:00,0.303,17.33
MAC004247,2012-05-24 01:00:00,0.274,17.33
MAC004247,2012-05-24 01:30:00,0.258,17.22
MAC004247,2012-05-24 02:00:00,0.204,17.22
MAC004247,2012-05-24 02:30:00,0.153,17.23
MAC004247,2012-05-24 03:00:00,0.142,17.23
MAC004247,2012-05-24 03:30:00,0.152,15.89
MAC004247,2012-05-24 04:00:00,0.144,15.89
MAC004247,2012-05-24 04:30:00,0.138,15.54
MAC004247,2012-05-24 05:00:00,0.15,15.54
MAC004247,2012-05-24 05:30:00,0.142,15.36
MAC004247,2012-05-24 06:00:00,0.138,15.36
MAC004247,2012-05-24 06:30:00,0.148,15.48
MAC004247,2012-05-24 07:00:00,0.134,15.48
MAC004247,2012-05-24 07:30:00,0.122,16.48
MAC004247,2012-05-24 08:00:00,0.143,16.48
MAC004247,2012-05-24 08:30:00,0.151,18.0
MAC004247,2012-05-24 09:00:00,0.136,18.0
MAC004247,2012-05-24 09:30:00,0.22,20.03
MAC004247,2012-05-24 10:00:00,0.149,20.03
MAC004247,2012-05-24 10:30:00,0.204,21.72
MAC004247,2012-05-24 11:00:00,0.144,21.72
MAC004247,2012-05-24 11:30:00,0.296,23.02
MAC004247,2012-05-24 12:00:00,0.688,23.02
MAC004247,2012-05-24 12:30:00,0.701,24.06
MAC004247,2012-05-24 13:00:00,0.693,24.06
MAC004247,2012-05-24 13:30:00,0.673,25.07
MAC004247,2012-05-24 14:00:00,0.686,25.07
MAC004247,2012-05-24 14:30:00,0.434,25.45
MAC004247,2012-05-24 15:00:00,0.261,25.45
MAC004247,2012-05-24 15:30:00,0.228,25.04
MAC004247,2012-05-24 16:00:00,0.171,25.04
MAC004247,2012-05-24 16:30:00,0.159,24.82
MAC004247,2012-05-24 17:00:00,0.219,24.82
MAC004247,2012-05-24 17:30:00,0.206,24.07
MAC004247,2012-05-24 18:00:00,0.216,24.07
MAC004247,2012-05-24 18:30:00,0.208,22.88
MAC004247,2012-05-24 19:00:00,0.216,22.88
MAC004247,2012-05-24 19:30:00,0.223,21.74
MAC004247,2012-05-24 20:00:00,0.312,21.74
MAC004247,2012-05-24 20:30:00,0.247,20.29
MAC004247,2012-05-24 21:00:00,0.337,20.29
MAC004247,2012-05-24 21:30:00,0.334,19.54
MAC004247,2012-05-24 22:00:00,0.355,19.54
MAC004247,2012-05-24 22:30:00,0.342,18.41
MAC004247,2012-05-24 23:00:00,0.339,18.41
MAC004247,2012-05-24 23:30:00,0.29,17.54
MAC004247,2012-05-25 00:00:00,0.273,17.54
MAC004247,2012-05-25 00:30:00,0.28,17.44
MAC004247,2012-05-25 01:00:00,0.204,17.44
MAC004247,2012-05-25 01:30:00,0.151,16.9
MAC004247,2012-05-25 02:00:00,0.176,16.9
MAC004247,2012-05-25 02:30:00,0.142,16.37
MAC004247,2012-05-25 03:00:00,0.142,16.37
MAC004247,2012-05-25 03:30:00,0.154,15.81
MAC004247,2012-05-25 04:00:00,0.15,15.81
MAC004247,2012-05-25 04:30:00,0.156,15.84
MAC004247,2012-05-25 05:00:00,0.156,15.84
MAC004247,2012-05-25 05:30:00,0.132,16.39
MAC004247,2012-05-25 06:00:00,0.143,16.39
MAC004247,2012-05-25 06:30:00,0.161,18.01
MAC004247,2012-05-25 07:00:00,0.145,18.01
MAC004247,2012-05-25 07:30:00,0.145,19.61
MAC004247,2012-05-25 08:00:00,0.152,19.61
MAC004247,2012-05-25 08:30:00,0.133,21.16
MAC004247,2012-05-25 09:00:00,0.147,21.16
MAC004247,2012-05-25 09:30:00,0.164,22.24
MAC004247,2012-05-25 10:00:00,0.139,22.24
MAC004247,2012-05-25 10:30:00,0.176,22.44
MAC004247,2012-05-25 11:00:00,0.155,22.44
MAC004247,2012-05-25 11:30:00,0.697,23.08
MAC004247,2012-05-25 12:00:00,0.74,23.08
MAC004247,2012-05-25 12:30:00,0.717,24.14
MAC004247,2012-05-25 13:00:00,0.694,24.14
MAC004247,2012-05-25 13:30:00,0.773,24.1
MAC004247,2012-05-25 14:00:00,0.504,24.1
MAC004247,2012-05-25 14:30:00,0.212,23.31
MAC004247,2012-05-25 15:00:00,0.157,23.31
MAC004247,2012-05-25 15:30:00,0.204,23.55
MAC004319,2012-05-25 09:00:00,0.632,21.16
MAC004319,2012-05-25 09:30:00,0.771,22.24
MAC004319,2012-05-25 10:00:00,0.613,22.24
MAC004319,2012-05-25 10:30:00,0.64,22.44
MAC004319,2012-05-25 11:00:00,0.708,22.44
MAC004319,2012-05-25 11:30:00,0.625,23.08
MAC004319,2012-05-25 12:00:00,0.603,23.08
MAC004319,2012-05-25 12:30:00,0.623,24.14
MAC004319,2012-05-25 13:00:00,0.679,24.14
MAC004319,2012-05-25 13:30:00,0.643,24.1
MAC004319,2012-05-25 14:00:00,0.651,24.1
MAC004319,2012-05-25 14:30:00,0.593,23.31
MAC004319,2012-05-25 15:00:00,0.625,23.31
MAC004319,2012-05-25 15:30:00,0.726,23.55
MAC004319,2012-05-25 16:00:00,0.864,23.55
MAC004319,2012-05-25 16:30:00,0.679,22.59
MAC004319,2012-05-25 17:00:00,0.628,22.59
MAC004319,2012-05-25 17:30:00,0.619,21.52
MAC004319,2012-05-25 18:00:00,0.622,21.52
MAC004319,2012-05-25 18:30:00,0.624,20.7
MAC004319,2012-05-25 19:00:00,1.0829999,20.7
MAC004319,2012-05-25 19:30:00,0.96,19.97
MAC004319,2012-05-25 20:00:00,0.99,19.97
MAC004319,2012-05-25 20:30:00,0.987,18.86
MAC004319,2012-05-25 21:00:00,1.122,18.86
MAC004319,2012-05-25 21:30:00,1.193,17.94
MAC004319,2012-05-25 22:00:00,1.2,17.94
MAC004319,2012-05-25 22:30:00,1.223,16.88
MAC004319,2012-05-25 23:00:00,0.929,16.88
MAC004319,2012-05-25 23:30:00,0.797,16.43
MAC004319,2012-05-26 00:00:00,0.76,16.43
MAC004319,2012-05-26 00:30:00,0.767,15.95
MAC004319,2012-05-26 01:00:00,0.783,15.95
MAC004319,2012-05-26 01:30:00,0.764,15.76
MAC004319,2012-05-26 02:00:00,0.782,15.76
MAC004319,2012-05-26 02:30:00,0.776,15.31
MAC004319,2012-05-26 03:00:00,0.778,15.31
MAC004319,2012-05-26 03:30:00,0.758,15.22
MAC004319,2012-05-26 04:00:00,0.782,15.22
MAC004319,2012-05-26 04:30:00,0.732,15.06
MAC004319,2012-05-26 05:00:00,0.773,15.06
MAC004319,2012-05-26 05:30:00,0.707,15.98
MAC004319,2012-05-26 06:00:00,0.796,15.98
MAC004319,2012-05-26 06:30:00,0.682,18.08
MAC004319,2012-05-26 07:00:00,0.83,18.08
MAC004319,2012-05-26 07:30:00,0.735,20.14
MAC004319,2012-05-26 08:00:00,0.902,20.14
MAC004319,2012-05-26 08:30:00,0.777,21.41
MAC004319,2012-05-26 09:00:00,0.736,21.41
MAC004319,2012-05-26 09:30:00,0.849,22.83
MAC004319,2012-05-26 10:00:00,0.705,22.83
MAC004319,2012-05-26 10:30:00,0.906,23.43
MAC004319,2012-05-26 11:00:00,1.005,23.43
MAC004319,2012-05-26 11:30:00,0.948,24.28
MAC004319,2012-05-26 12:00:00,0.893,24.28
MAC004319,2012-05-26 12:30:00,1.705,24.64
MAC004319,2012-05-26 13:00:00,0.85,24.64
MAC004319,2012-05-26 13:30:00,0.758,24.01
MAC004319,2012-05-26 14:00:00,0.802,24.01
MAC004319,2012-05-26 14:30:00,0.614,23.91
MAC004319,2012-05-26 15:00:00,0.634,23.91
MAC004319,2012-05-26 15:30:00,0.805,23.61
MAC004319,2012-05-26 16:00:00,0.757,23.61
MAC004319,2012-05-26 16:30:00,0.857,22.69
MAC004319,2012-05-26 17:00:00,0.946,22.69
MAC004319,2012-05-26 17:30:00,0.749,21.62
MAC004319,2012-05-26 18:00:00,0.973,21.62
MAC004319,2012-05-26 18:30:00,0.961,20.86
MAC004319,2012-05-26 19:00:00,0.838,20.86
MAC004319,2012-05-26 19:30:00,0.87,19.55
MAC004319,2012-05-26 20:00:00,1.346,19.55
MAC004319,2012-05-26 20:30:00,1.817,18.38
MAC004319,2012-05-26 21:00:00,1.885,18.38
MAC004319,2012-05-26 21:30:00,2.0280001,17.33
MAC004319,2012-05-26 22:00:00,1.905,17.33
MAC004319,2012-05-26 22:30:00,1.367,16.31
MAC004319,2012-05-26 23:00:00,0.798,16.31
MAC004319,2012-05-26 23:30:00,0.815,15.66
MAC004319,2012-05-27 00:00:00,0.734,15.66
MAC004319,2012-05-27 00:30:00,0.763,14.84
MAC004319,2012-05-27 01:00:00,0.728,14.84
MAC004319,2012-05-27 01:30:00,0.757,14.59
MAC004319,2012-05-27 02:00:00,0.732,14.59
MAC004319,2012-05-27 02:30:00,0.759,13.79
MAC004319,2012-05-27 03:00:00,0.743,13.79
MAC004319,2012-05-27 03:30:00,0.75,13.64
MAC004319,2012-05-27 04:00:00,0.719,13.64
MAC004319,2012-05-27 04:30:00,0.655,13.55
MAC004319,2012-05-27 05:00:00,0.696,13.55
MAC004319,2012-05-27 05:30:00,0.645,15.03
MAC004319,2012-05-27 06:00:00,0.634,15.03
MAC004319,2012-05-27 06:30:00,0.629,17.19
MAC004319,2012-05-27 07:00:00,0.645,17.19
MAC004319,2012-05-27 07:30:00,0.737,19.27
MAC004319,2012-05-27 08:00:00,0.933,19.27
MAC004319,2012-05-27 08:30:00,1.096,21.12
MAC004319,2012-05-27 09:00:00,0.839,21.12
MAC004319,2012-05-27 09:30:00,0.749,23.4
MAC004319,2012-05-27 10:00:00,0.96,23.4
MAC004319,2012-05-27 10:30:00,1.141,24.99
MAC004387,2012-03-16 14:30:00,0.034,9.75
MAC004387,2012-03-16 15:00:00,0.548,9.75
MAC004387,2012-03-16 15:30:00,0.167,9.67
MAC004387,2012-03-16 16:00:00,0.078,9.67
MAC004387,2012-03-16 16:30:00,0.076,9.58
MAC004387,2012-03-16 17:00:00,0.121,9.58
MAC004387,2012-03-16 17:30:00,0.116,9.21
MAC004387,2012-03-16 18:00:00,0.119,9.21
MAC004387,2012-03-16 18:30:00,0.124,9.17
MAC004387,2012-03-16 19:00:00,0.153,9.17
MAC004387,2012-03-16 19:30:00,0.128,9.08
MAC004387,2012-03-16 20:00:00,0.133,9.08
MAC004387,2012-03-16 20:30:00,0.135,9.05
MAC004387,2012-03-16 21:00:00,0.088,9.05
MAC004387,2012-03-16 21:30:00,0.062,9.09
MAC004387,2012-03-16 22:00:00,0.101,9.09
MAC004387,2012-03-16 22:30:00,0.053,9.05
MAC004387,2012-03-16 23:00:00,0.065,9.05
MAC004387,2012-03-16 23:30:00,0.063,8.58
MAC004387,2012-03-17 00:00:00,0.059,8.58
MAC004387,2012-03-17 00:30:00,0.061,8.23
MAC004387,2012-03-17 01:00:00,0.053,8.23
MAC004387,2012-03-17 01:30:00,0.048,7.86
MAC004387,2012-03-17 02:00:00,0.056,7.86
MAC004387,2012-03-17 02:30:00,0.076,7.49
MAC004387,2012-03-17 03:00:00,0.047,7.49
MAC004387,2012-03-17 03:30:00,0.06,7.94
MAC004387,2012-03-17 04:00:00,0.047,7.94
MAC004387,2012-03-17 04:30:00,0.055,8.09
MAC004387,2012-03-17 05:00:00,0.05,8.09
MAC004387,2012-03-17 05:30:00,0.047,8.15
MAC004387,2012-03-17 06:00:00,0.075,8.15
MAC004387,2012-03-17 06:30:00,0.059,8.62
MAC004387,2012-03-17 07:00:00,0.148,8.62
MAC004387,2012-03-17 07:30:00,0.08,9.11
MAC004387,2012-03-17 08:00:00,0.055,9.11
MAC004387,2012-03-17 08:30:00,0.057,9.7
MAC004387,2012-03-17 09:00:00,0.097,9.7
MAC004387,2012-03-17 09:30:00,0.078,10.28
MAC004387,2012-03-17 10:00:00,0.056,10.28
MAC004387,2012-03-17 10:30:00,0.041,9.89
MAC004387,2012-03-17 11:00:00,0.113,9.89
MAC004387,2012-03-17 11:30:00,0.086,9.81
MAC004387,2012-03-17 12:00:00,0.054,9.81
MAC004387,2012-03-17 12:30:00,0.062,10.21
MAC004387,2012-03-17 13:00:00,0.034,10.21
MAC004387,2012-03-17 13:30:00,0.071,10.34
MAC004387,2012-03-17 14:00:00,0.056,10.34
MAC004387,2012-03-17 14:30:00,0.04,10.75
MAC004387,2012-03-17 15:00:00,0.054,10.75
MAC004387,2012-03-17 15:30:00,0.118,10.58
MAC004387,2012-03-17 16:00:00,0.087,10.58
MAC004387,2012-03-17 16:30:00,0.231,10.0
MAC004387,2012-03-17 17:00:00,0.376,10.0
MAC004387,2012-03-17 17:30:00,0.151,9.5
MAC004387,2012-03-17 18:00:00,0.11,9.5
MAC004387,2012-03-17 18:30:00,0.158,9.0
MAC004387,2012-03-17 19:00:00,0.183,9.0
MAC004387,2012-03-17 19:30:00,0.194,8.59
MAC004387,2012-03-17 20:00:00,0.176,8.59
MAC004387,2012-03-17 20:30:00,0.201,8.42
MAC004387,2012-03-17 21:00:00,0.175,8.42
MAC004387,2012-03-17 21:30:00,0.093,7.59
MAC004387,2012-03-17 22:00:00,0.149,7.59
MAC004387,2012-03-17 22:30:00,0.097,7.37
MAC004387,2012-03-17 23:00:00,0.078,7.37
MAC004387,2012-03-17 23:30:00,0.088,6.91
MAC004387,2012-03-18 00:00:00,0.047,6.91
MAC004387,2012-03-18 00:30:00,0.078,6.78
MAC004387,2012-03-18 01:00:00,0.051,6.78
MAC004387,2012-03-18 01:30:00,0.073,6.68
MAC004387,2012-03-18 02:00:00,0.056,6.68
MAC004387,2012-03-18 02:30:00,0.04,6.13
MAC004387,2012-03-18 03:00:00,0.086,6.13
MAC004387,2012-03-18 03:30:00,0.055,5.58
MAC004387,2012-03-18 04:00:00,0.051,5.58
MAC004387,2012-03-18 04:30:00,0.055,4.87
MAC004387,2012-03-18 05:00:00,0.076,4.87
MAC004387,2012-03-18 05:30:00,0.051,3.98
MAC004387,2012-03-18 06:00:00,0.088,3.98
MAC004387,2012-03-18 06:30:00,0.146,4.04
MAC004387,2012-03-18 07:00:00,0.138,4.04
MAC004387,2012-03-18 07:30:00,0.103,5.06
MAC004387,2012-03-18 08:00:00,0.086,5.06
MAC004387,2012-03-18 08:30:00,0.129,6.97
MAC004387,2012-03-18 09:00:00,0.133,6.97
MAC004387,2012-03-18 09:30:00,0.052,8.48
MAC004387,2012-03-18 10:00:00,0.056,8.48
MAC004387,2012-03-18 10:30:00,0.334,9.29
MAC004387,2012-03-18 11:00:00,0.247,9.29
MAC004387,2012-03-18 11:30:00,0.089,9.76
MAC004387,2012-03-18 12:00:00,0.082,9.76
MAC004387,2012-03-18 12:30:00,0.081,9.48
MAC004387,2012-03-18 13:00:00,0.488,9.48
MAC004387,2012-03-18 13:30:00,0.143,8.9
MAC004387,2012-03-18 14:00:00,0.06,8.9
MAC004387,2012-03-18 14:30:00,0.056,8.51
MAC004387,2012-03-18 15:00:00,0.042,8.51
MAC004387,2012-03-18 15:30:00,0.052,8.41
MAC004387,2012-03-18 16:00:00,0.041,8.41
MAC004431,2012-03-20 10:00:00,0.421,11.02
MAC004431,2012-03-20 10:30:00,0.348,12.07
MAC004431,2012-03-20 11:00:00,0.354,12.07
MAC004431,2012-03-20 11:30:00,0.339,13.04
MAC004431,2012-03-20 12:00:00,0.423,13.04
MAC004431,2012-03-20 12:30:00,0.523,13.63
MAC004431,2012-03-20 13:00:00,0.482,13.63
MAC004431,2012-03-20 13:30:00,0.288,14.01
MAC004431,2012-03-20 14:00:00,0.178,14.01
MAC004431,2012-03-20 14:30:00,0.199,14.46
MAC004431,2012-03-20 15:00:00,0.326,14.46
MAC004431,2012-03-20 15:30:00,0.325,14.48
MAC004431,2012-03-20 16:00:00,0.209,14.48
MAC004431,2012-03-20 16:30:00,0.408,14.01
MAC004431,2012-03-20 17:00:00,0.457,14.01
MAC004431,2012-03-20 17:30:00,0.514,12.84
MAC004431,2012-03-20 18:00:00,0.457,12.84
MAC004431,2012-03-20 18:30:00,0.771,10.72
MAC004431,2012-03-20 19:00:00,1.039,10.72
MAC004431,2012-03-20 19:30:00,0.924,10.06
MAC004431,2012-03-20 20:00:00,1.007,10.06
MAC004431,2012-03-20 20:30:00,1.117,10.18
MAC004431,2012-03-20 21:00:00,1.135,10.18
MAC004431,2012-03-20 21:30:00,1.597,10.56
MAC004431,2012-03-20 22:00:00,1.0039999,10.56
MAC004431,2012-03-20 22:30:00,1.025,10.46
MAC004431,2012-03-20 23:00:00,0.902,10.46
MAC004431,2012-03-20 23:30:00,0.443,9.89
MAC004431,2012-03-21 00:00:00,0.38,9.89
MAC004431,2012-03-21 00:30:00,0.356,9.59
MAC004431,2012-03-21 01:00:00,0.411,9.59
MAC004431,2012-03-21 01:30:00,0.454,9.59
MAC004431,2012-03-21 02:00:00,0.371,9.59
MAC004431,2012-03-21 02:30:00,0.308,9.26
MAC004431,2012-03-21 03:00:00,0.196,9.26
MAC004431,2012-03-21 03:30:00,0.255,8.86
MAC004431,2012-03-21 04:00:00,0.233,8.86
MAC004431,2012-03-21 04:30:00,0.143,8.83
MAC004431,2012-03-21 05:00:00,0.141,8.83
MAC004431,2012-03-21 05:30:00,0.169,8.79
MAC004431,2012-03-21 06:00:00,0.261,8.79
MAC004431,2012-03-21 06:30:00,0.209,8.79
MAC004431,2012-03-21 07:00:00,0.239,8.79
MAC004431,2012-03-21 07:30:00,0.198,9.46
MAC004431,2012-03-21 08:00:00,0.509,9.46
MAC004431,2012-03-21 08:30:00,0.41,10.32
MAC004431,2012-03-21 09:00:00,0.246,10.32
MAC004431,2012-03-21 09:30:00,0.945,12.32
MAC004431,2012-03-21 10:00:00,0.436,12.32
MAC004431,2012-03-21 10:30:00,0.622,13.44
MAC004431,2012-03-21 11:00:00,0.763,13.44
MAC004431,2012-03-21 11:30:00,0.256,14.87
MAC004431,2012-03-21 12:00:00,0.263,14.87
MAC004431,2012-03-21 12:30:00,0.455,15.39
MAC004431,2012-03-21 13:00:00,0.524,15.39
MAC004431,2012-03-21 13:30:00,0.49,15.55
MAC004431,2012-03-21 14:00:00,0.174,15.55
MAC004431,2012-03-21 14:30:00,0.211,15.62
MAC004431,2012-03-21 15:00:00,0.266,15.62
MAC004431,2012-03-21 15:30:00,0.285,14.97
MAC004431,2012-03-21 16:00:00,0.21,14.97
MAC004431,2012-03-21 16:30:00,0.195,13.83
MAC004431,2012-03-21 17:00:00,0.313,13.83
MAC004431,2012-03-21 17:30:00,0.337,12.07
MAC004431,2012-03-21 18:00:00,0.31,12.07
MAC004431,2012-03-21 18:30:00,0.63,10.63
MAC004431,2012-03-21 19:00:00,0.983,10.63
MAC004431,2012-03-21 19:30:00,1.062,9.52
MAC004431,2012-03-21 20:00:00,0.775,9.52
MAC004431,2012-03-21 20:30:00,0.767,8.77
MAC004431,2012-03-21 21:00:00,0.708,8.77
MAC004431,2012-03-21 21:30:00,0.595,7.98
MAC004431,2012-03-21 22:00:00,0.619,7.98
MAC004431,2012-03-21 22:30:00,0.665,7.44
MAC004431,2012-03-21 23:00:00,0.477,7.44
MAC004431,2012-03-21 23:30:00,0.388,6.91
MAC004431,2012-03-22 00:00:00,0.369,6.91
MAC004431,2012-03-22 00:30:00,0.519,6.46
MAC004431,2012-03-22 01:00:00,0.445,6.46
MAC004431,2012-03-22 01:30:00,0.458,6.14
MAC004431,2012-03-22 02:00:00,0.456,6.14
MAC004431,2012-03-22 02:30:00,0.311,6.14
MAC004431,2012-03-22 03:00:00,0.187,6.14
MAC004431,2012-03-22 03:30:00,0.183,6.43
MAC004431,2012-03-22 04:00:00,0.253,6.43
MAC004431,2012-03-22 04:30:00,0.232,6.51
MAC004431,2012-03-22 05:00:00,0.146,6.51
MAC004431,2012-03-22 05:30:00,0.147,6.51
MAC004431,2012-03-22 06:00:00,0.172,6.51
MAC004431,2012-03-22 06:30:00,0.25,7.19
MAC004431,2012-03-22 07:00:00,0.279,7.19
MAC004431,2012-03-22 07:30:00,0.217,8.15
MAC004431,2012-03-22 08:00:00,0.519,8.15
MAC004431,2012-03-22 08:30:00,0.309,10.48
MAC004431,2012-03-22 09:00:00,0.323,10.48
MAC004431,2012-03-22 09:30:00,0.269,12.23
MAC004431,2012-03-22 10:00:00,0.169,12.23
MAC004431,2012-03-22 10:30:00,0.24,13.88
MAC004431,2012-03-22 11:00:00,0.298,13.88
MAC004431,2012-03-22 11:30:00,0.286,15.41
MAC005492,2012-04-17 08:30:00,0.135,7.62
MAC005492,2012-04-17 09:00:00,0.086,7.62
MAC005492,2012-04-17 09:30:00,0.063,8.52
MAC005492,2012-04-17 10:00:00,0.125,8.52
MAC005492,2012-04-17 10:30:00,0.272,10.96
MAC005492,2012-04-17 11:00:00,0.063,10.96
MAC005492,2012-04-17 11:30:00,0.045,12.44
MAC005492,2012-04-17 12:00:00,0.044,12.44
MAC005492,2012-04-17 12:30:00,0.084,12.91
MAC005492,2012-04-17 13:00:00,0.14,12.91
MAC005492,2012-04-17 13:30:00,0.221,13.77
MAC005492,2012-04-17 14:00:00,0.181,13.77
MAC005492,2012-04-17 14:30:00,0.185,13.58
MAC005492,2012-04-17 15:00:00,0.158,13.58
MAC005492,2012-04-17 15:30:00,0.111,9.16
MAC005492,2012-04-17 16:00:00,0.16,9.16
MAC005492,2012-04-17 16:30:00,0.074,9.3
MAC005492,2012-04-17 17:00:00,0.348,9.3
MAC005492,2012-04-17 17:30:00,0.298,8.82
MAC005492,2012-04-17 18:00:00,0.163,8.82
MAC005492,2012-04-17 18:30:00,0.184,6.93
MAC005492,2012-04-17 19:00:00,0.167,6.93
MAC005492,2012-04-17 19:30:00,0.302,6.41
MAC005492,2012-04-17 20:00:00,0.201,6.41
MAC005492,2012-04-17 20:30:00,0.155,6.38
MAC005492,2012-04-17 21:00:00,0.194,6.38
MAC005492,2012-04-17 21:30:00,0.188,6.27
MAC005492,2012-04-17 22:00:00,0.223,6.27
MAC005492,2012-04-17 22:30:00,0.088,6.27
MAC005492,2012-04-17 23:00:00,0.054,6.27
MAC005492,2012-04-17 23:30:00,0.054,6.31
MAC005492,2012-04-18 00:00:00,0.09,6.31
MAC005492,2012-04-18 00:30:00,0.08,6.35
MAC005492,2012-04-18 01:00:00,0.048,6.35
MAC005492,2012-04-18 01:30:00,0.05,6.38
MAC005492,2012-04-18 02:00:00,0.069,6.38
MAC005492,2012-04-18 02:30:00,0.075,6.44
MAC005492,2012-04-18 03:00:00,0.069,6.44
MAC005492,2012-04-18 03:30:00,0.047,6.44
MAC005492,2012-04-18 04:00:00,0.048,6.44
MAC005492,2012-04-18 04:30:00,0.091,6.5
MAC005492,2012-04-18 05:00:00,0.057,6.5
MAC005492,2012-04-18 05:30:00,0.059,6.74
MAC005492,2012-04-18 06:00:00,0.046,6.74
MAC005492,2012-04-18 06:30:00,0.076,7.42
MAC005492,2012-04-18 07:00:00,0.063,7.42
MAC005492,2012-04-18 07:30:00,0.1,7.16
MAC005492,2012-04-18 08:00:00,0.308,7.16
MAC005492,2012-04-18 08:30:00,0.105,7.59
MAC005492,2012-04-18 09:00:00,0.132,7.59
MAC005492,2012-04-18 09:30:00,0.056,8.18
MAC005492,2012-04-18 10:00:00,0.045,8.18
MAC005492,2012-04-18 10:30:00,0.187,8.69
MAC005492,2012-04-18 11:00:00,0.169,8.69
MAC005492,2012-04-18 11:30:00,0.155,9.52
MAC005492,2012-04-18 12:00:00,0.124,9.52
MAC005492,2012-04-18 12:30:00,0.206,10.01
MAC005492,2012-04-18 13:00:00,0.183,10.01
MAC005492,2012-04-18 13:30:00,0.143,9.58
MAC005492,2012-04-18 14:00:00,0.087,9.58
MAC005492,2012-04-18 14:30:00,0.075,9.46
MAC005492,2012-04-18 15:00:00,0.045,9.46
MAC005492,2012-04-18 15:30:00,0.061,9.79
MAC005492,2012-04-18 16:00:00,0.085,9.79
MAC005492,2012-04-18 16:30:00,0.125,9.53
MAC005492,2012-04-18 17:00:00,0.239,9.53
MAC005492,2012-04-18 17:30:00,0.299,8.62
MAC005492,2012-04-18 18:00:00,0.368,8.62
MAC005492,2012-04-18 18:30:00,0.185,8.09
MAC005492,2012-04-18 19:00:00,0.145,8.09
MAC005492,2012-04-18 19:30:00,0.126,8.06
MAC005492,2012-04-18 20:00:00,0.161,8.06
MAC005492,2012-04-18 20:30:00,0.195,7.66
MAC005492,2012-04-18 21:00:00,0.164,7.66
MAC005492,2012-04-18 21:30:00,0.187,7.65
MAC005492,2012-04-18 22:00:00,0.28,7.65
MAC005492,2012-04-18 22:30:00,0.259,7.57
MAC005492,2012-04-18 23:00:00,0.268,7.57
MAC005492,2012-04-18 23:30:00,0.287,7.55
MAC005492,2012-04-19 00:00:00,0.126,7.55
MAC005492,2012-04-19 00:30:00,0.095,7.51
MAC005492,2012-04-19 01:00:00,0.087,7.51
MAC005492,2012-04-19 01:30:00,0.05,7.03
MAC005492,2012-04-19 02:00:00,0.053,7.03
MAC005492,2012-04-19 02:30:00,0.069,6.98
MAC005492,2012-04-19 03:00:00,0.078,6.98
MAC005492,2012-04-19 03:30:00,0.064,6.98
MAC005492,2012-04-19 04:00:00,0.048,6.98
MAC005492,2012-04-19 04:30:00,0.056,6.64
MAC005492,2012-04-19 05:00:00,0.063,6.64
MAC005492,2012-04-19 05:30:00,0.09,6.47
MAC005492,2012-04-19 06:00:00,0.047,6.47
MAC005492,2012-04-19 06:30:00,0.049,6.63
MAC005492,2012-04-19 07:00:00,0.07,6.63
MAC005492,2012-04-19 07:30:00,0.338,6.74
MAC005492,2012-04-19 08:00:00,0.17,6.74
MAC005492,2012-04-19 08:30:00,0.195,7.23
MAC005492,2012-04-19 09:00:00,0.117,7.23
MAC005492,2012-04-19 09:30:00,0.09,7.83
MAC005492,2012-04-19 10:00:00,0.127,7.83
